first_name,last_name,position,team,season,fantasy_points_ppr,fantasy_adp,age,is_rookie,nfl_draft_round,games,completions,attempts,passing_yards,passing_tds,interceptions,carries,rushing_yards,rushing_tds,receptions,targets,receiving_yards,receiving_tds,points_per_game
Christian,McCaffrey,RB,SF,2024.0,47.800003,1.4,29.0,False,1.0,4.0,0.0,0.0,0.0,0.0,0.0,50.0,202.0,0.0,15.0,19.0,146.0,0.0,11.95
Breece,Hall,RB,NYJ,2024.0,240.9,2.2,24.0,False,2.0,16.0,0.0,0.0,0.0,0.0,0.0,209.0,876.0,5.0,57.0,76.0,483.0,3.0,15.06
Tyreek,Hill,WR,MIA,2024.0,218.2,2.6,31.0,False,5.0,17.0,0.0,0.0,0.0,0.0,0.0,8.0,53.0,0.0,81.0,122.0,959.0,6.0,12.84
CeeDee,Lamb,WR,DAL,2024.0,263.4,3.7,26.0,False,1.0,15.0,0.0,0.0,0.0,0.0,0.0,14.0,70.0,0.0,101.0,152.0,1194.0,6.0,17.56
Bijan,Robinson,RB,ATL,2024.0,341.7,4.9,23.0,False,1.0,17.0,0.0,0.0,0.0,0.0,0.0,304.0,1456.0,14.0,61.0,72.0,431.0,1.0,20.1
Amon-Ra,St. Brown,WR,DET,2024.0,337.88,6.2,26.0,False,4.0,18.0,1.0,1.0,7.0,1.0,0.0,2.0,6.0,0.0,123.0,151.0,1400.0,12.0,18.77
Ja'Marr,Chase,WR,CIN,2024.0,403.0,7.2,25.0,False,1.0,17.0,0.0,0.0,0.0,0.0,0.0,3.0,32.0,0.0,127.0,175.0,1708.0,17.0,23.71
Justin,Jefferson,WR,MIN,2024.0,328.28,8.0,2a6.0,False,1.0,18.0,1.0,1.0,22.0,0.0,0.0,1.0,3.0,0.0,108.0,162.0,1591.0,10.0,18.24
Jahmyr,Gibbs,RB,DET,2024.0,390.4,9.4,23.0,False,1.0,18.0,0.0,0.0,0.0,0.0,0.0,264.0,1517.0,18.0,58.0,74.0,567.0,3.0,21.69
Jonathan,Taylor,RB,IND,2024.0,246.7,9.8,26.0,False,2.0,14.0,0.0,0.0,0.0,0.0,0.0,303.0,1431.0,11.0,18.0,31.0,136.0,1.0,17.62
A.J.,Brown,WR,PHI,2024.0,257.2,10.9,28.0,False,2.0,17.0,0.0,0.0,0.0,0.0,0.0,0.0,0.0,0.0,79.0,120.0,1242.0,9.0,15.13
Saquon,Barkley,RB,PHI,2024.0,455.7,11.3,28.0,False,1.0,20.0,0.0,0.0,0.0,0.0,0.0,436.0,2504.0,18.0,46.0,58.0,353.0,2.0,22.79
Garrett,Wilson,WR,NYJ,2024.0,251.9,12.1,25.0,False,1.0,17.0,0.0,0.0,0.0,0.0,0.0,2.0,5.0,0.0,101.0,153.0,1104.0,7.0,14.82
Marvin,Harrison,WR,ARI,2024.0,196.5,14.5,23.0,False,1.0,17.0,0.0,0.0,0.0,0.0,0.0,0.0,0.0,0.0,62.0,116.0,885.0,8.0,11.56
Puka,Nacua,WR,LA,2024.0,232.4,15.2,24.0,False,5.0,13.0,0.0,0.0,0.0,0.0,0.0,12.0,53.0,1.0,90.0,129.0,1131.0,3.0,17.88
Derrick,Henry,RB,BAL,2024.0,381.4,15.9,31.0,False,2.0,19.0,0.0,0.0,0.0,0.0,0.0,367.0,2191.0,19.0,19.0,24.0,193.0,2.0,20.07
Kyren,Williams,RB,LA,2024.0,299.8,15.9,25.0,False,5.0,18.0,0.0,0.0,0.0,0.0,0.0,351.0,1481.0,14.0,38.0,45.0,197.0,3.0,16.66
Travis,Etienne,RB,JAX,2024.0,130.2,17.6,26.0,False,1.0,15.0,0.0,0.0,0.0,0.0,0.0,150.0,558.0,2.0,39.0,52.0,254.0,0.0,8.68
Cooper,Kupp,WR,LA,2024.0,190.0,18.9,32.0,False,3.0,14.0,0.0,0.0,0.0,0.0,0.0,2.0,10.0,0.0,73.0,108.0,800.0,6.0,13.57
Isiah,Pacheco,RB,KC,2024.0,65.3,19.8,26.0,False,7.0,10.0,0.0,0.0,0.0,0.0,0.0,96.0,347.0,1.0,15.0,21.0,96.0,0.0,6.53
Davante,Adams,WR,NYJ,2024.0,241.3,20.0,32.0,False,2.0,14.0,0.0,0.0,0.0,0.0,0.0,0.0,0.0,0.0,85.0,141.0,1063.0,8.0,17.24
De'Von,Achane,RB,MIA,2024.0,299.9,21.4,24.0,False,3.0,17.0,0.0,0.0,0.0,0.0,0.0,203.0,907.0,6.0,78.0,87.0,592.0,6.0,17.64
Drake,London,WR,ATL,2024.0,280.8,21.5,24.0,False,1.0,17.0,0.0,0.0,0.0,0.0,0.0,1.0,-3.0,0.0,100.0,158.0,1271.0,9.0,16.52
Deebo,Samuel,WR,SF,2024.0,155.6,23.0,29.0,False,2.0,14.0,0.0,0.0,0.0,0.0,0.0,42.0,136.0,1.0,51.0,81.0,670.0,3.0,11.11
Josh,Jacobs,RB,GB,2024.0,314.2,23.6,27.0,False,1.0,18.0,0.0,0.0,0.0,0.0,0.0,319.0,1410.0,16.0,39.0,46.0,382.0,1.0,17.46
Travis,Kelce,TE,KC,2024.0,231.9,24.4,36.0,False,3.0,19.0,0.0,0.0,0.0,0.0,0.0,1.0,1.0,0.0,110.0,151.0,998.0,4.0,12.21
Josh,Allen,QB,BUF,2024.0,438.28,25.1,29.0,False,1.0,19.0,365.0,565.0,4367.0,32.0,6.0,131.0,636.0,14.0,0.0,0.0,0.0,0.0,23.07
Chris,Olave,WR,NO,2024.0,76.700005,26.2,25.0,False,1.0,8.0,0.0,0.0,0.0,0.0,0.0,1.0,7.0,0.0,32.0,44.0,400.0,1.0,9.59
Rachaad,White,RB,TB,2024.0,203.1,29.0,26.0,False,3.0,16.0,0.0,0.0,0.0,0.0,0.0,145.0,614.0,3.0,53.0,59.0,407.0,6.0,12.69
Jaylen,Waddle,WR,MIA,2024.0,149.6,29.1,27.0,False,1.0,15.0,0.0,0.0,0.0,0.0,0.0,4.0,12.0,0.0,58.0,83.0,744.0,2.0,9.97
Sam,LaPorta,TE,DET,2024.0,191.7,29.4,24.0,False,2.0,17.0,0.0,0.0,0.0,0.0,0.0,0.0,0.0,0.0,66.0,90.0,777.0,8.0,11.28
James,Cook,RB,BUF,2024.0,324.3,30.3,26.0,False,2.0,19.0,0.0,0.0,0.0,0.0,0.0,260.0,1281.0,19.0,38.0,44.0,322.0,2.0,17.07
Patrick,Mahomes,QB,KC,2024.0,348.38,30.8,30.0,False,1.0,19.0,447.0,664.0,4607.0,31.0,13.0,80.0,389.0,4.0,1.0,1.0,2.0,0.0,18.34
Nico,Collins,WR,HOU,2024.0,248.90001,32.1,26.0,False,3.0,14.0,0.0,0.0,0.0,0.0,0.0,0.0,0.0,0.0,80.0,115.0,1209.0,8.0,17.78
Alvin,Kamara,RB,NO,2024.0,265.3,32.3,30.0,False,3.0,14.0,0.0,0.0,0.0,0.0,0.0,228.0,950.0,6.0,68.0,89.0,543.0,2.0,18.95
Mike,Evans,WR,TB,2024.0,262.6,33.5,32.0,False,1.0,15.0,0.0,0.0,0.0,0.0,0.0,0.0,0.0,0.0,81.0,117.0,1096.0,12.0,17.51
Joe,Mixon,RB,HOU,2024.0,275.4,35.0,29.0,False,2.0,16.0,0.0,1.0,0.0,0.0,0.0,288.0,1210.0,13.0,39.0,57.0,334.0,1.0,17.21
Kenneth,Walker,RB,SEA,2024.0,181.2,35.6,31.0,False,2.0,11.0,0.0,0.0,0.0,0.0,0.0,153.0,573.0,7.0,46.0,53.0,299.0,1.0,16.47
Kenneth,Walker,RB,SEA,2024.0,181.2,35.6,25.0,False,2.0,11.0,0.0,0.0,0.0,0.0,0.0,153.0,573.0,7.0,46.0,53.0,299.0,1.0,16.47
Jalen,Hurts,QB,PHI,2024.0,411.56,37.3,27.0,False,2.0,19.0,313.0,452.0,3629.0,23.0,6.0,184.0,824.0,19.0,0.0,0.0,0.0,0.0,21.66
Malik,Nabers,WR,NYG,2024.0,273.6,38.3,22.0,True,1.0,15.0,0.0,1.0,0.0,0.0,0.0,5.0,2.0,0.0,109.0,170.0,1204.0,7.0,18.24
DeVonta,Smith,WR,PHI,2024.0,240.4,38.3,27.0,False,1.0,17.0,0.0,0.0,0.0,0.0,0.0,1.0,1.0,0.0,84.0,106.0,1023.0,9.0,14.14
DK,Metcalf,WR,SEA,2024.0,191.2,40.7,27.0,False,0.0,15.0,0.0,0.0,0.0,0.0,0.0,0.0,0.0,0.0,66.0,108.0,992.0,5.0,12.75
Mark,Andrews,TE,BAL,2024.0,203.4,41.2,30.0,False,3.0,19.0,0.0,0.0,0.0,0.0,0.0,8.0,13.0,0.0,62.0,79.0,761.0,11.0,10.71
Stefon,Diggs,WR,HOU,2024.0,121.92,41.8,31.0,False,5.0,8.0,1.0,1.0,13.0,0.0,0.0,3.0,8.0,1.0,47.0,64.0,496.0,3.0,15.24
DJ,Moore,WR,CHI,2024.0,238.1,43.7,28.0,True,0.0,17.0,0.0,1.0,0.0,0.0,0.0,14.0,75.0,0.0,98.0,140.0,966.0,6.0,14.01
Lamar,Jackson,QB,BAL,2024.0,471.53998,44.2,28.0,False,1.0,19.0,350.0,520.0,4601.0,45.0,5.0,160.0,1035.0,4.0,0.0,0.0,0.0,0.0,24.82
Michael,Pittman,WR,IND,2024.0,165.8,45.2,28.0,False,2.0,16.0,0.0,0.0,0.0,0.0,0.0,0.0,0.0,0.0,69.0,111.0,808.0,3.0,10.36
Aaron,Jones,RB,MIN,2024.0,250.6,46.0,30.0,False,5.0,18.0,0.0,0.0,0.0,0.0,0.0,268.0,1186.0,5.0,54.0,68.0,420.0,2.0,13.92
James,Conner,RB,ARI,2024.0,253.8,47.6,30.0,False,3.0,16.0,0.0,0.0,0.0,0.0,0.0,236.0,1094.0,8.0,47.0,55.0,414.0,1.0,15.86
Brandon,Aiyuk,WR,SF,2024.0,62.4,48.1,27.0,False,1.0,7.0,0.0,0.0,0.0,0.0,0.0,0.0,0.0,0.0,25.0,47.0,374.0,0.0,8.91
Amari,Cooper,WR,BUF,2024.0,132.8,49.2,31.0,False,1.0,16.0,0.0,0.0,0.0,0.0,0.0,0.0,0.0,0.0,50.0,93.0,588.0,4.0,8.3
C.J.,Stroud,QB,HOU,2024.0,251.86,49.9,24.0,False,1.0,19.0,377.0,593.0,4254.0,21.0,13.0,64.0,317.0,0.0,0.0,1.0,0.0,0.0,13.26
Trey,McBride,TE,ARI,2024.0,243.8,50.4,26.0,False,2.0,16.0,0.0,0.0,0.0,0.0,0.0,1.0,2.0,1.0,111.0,147.0,1146.0,2.0,15.24
Tee,Higgins,WR,CIN,2024.0,222.09999,51.8,26.0,False,2.0,12.0,0.0,0.0,0.0,0.0,0.0,0.0,0.0,0.0,73.0,109.0,911.0,10.0,18.51
David,Montgomery,RB,DET,2024.0,225.31999,54.6,28.0,False,3.0,15.0,2.0,2.0,23.0,1.0,0.0,192.0,803.0,12.0,36.0,38.0,341.0,0.0,15.02
Anthony,Richardson,QB,IND,2024.0,163.36,55.2,23.0,False,1.0,11.0,126.0,264.0,1814.0,8.0,12.0,86.0,499.0,6.0,1.0,1.0,-1.0,0.0,14.85
Christian,Kirk,WR,JAX,2024.0,70.9,55.6,29.0,False,2.0,8.0,0.0,0.0,0.0,0.0,0.0,0.0,0.0,0.0,27.0,47.0,379.0,1.0,8.86
D'Andre,Swift,RB,CHI,2024.0,214.5,56.5,26.0,False,2.0,17.0,0.0,0.0,0.0,0.0,0.0,253.0,959.0,6.0,42.0,52.0,386.0,0.0,12.62
Zay,Flowers,WR,BAL,2024.0,209.5,56.8,25.0,False,1.0,17.0,0.0,0.0,0.0,0.0,0.0,9.0,56.0,0.0,74.0,116.0,1059.0,4.0,12.32
Tank,Dell,WR,HOU,2024.0,140.0,57.5,26.0,False,3.0,14.0,0.0,0.0,0.0,0.0,0.0,9.0,43.0,0.0,51.0,81.0,667.0,3.0,10.0
Dalton,Kincaid,TE,BUF,2024.0,113.9,59.1,26.0,False,1.0,16.0,0.0,0.0,0.0,0.0,0.0,0.0,0.0,0.0,50.0,84.0,519.0,2.0,7.12
Joe,Burrow,QB,CIN,2024.0,372.82,59.7,28.0,False,1.0,17.0,460.0,652.0,4918.0,43.0,9.0,42.0,201.0,2.0,0.0,0.0,0.0,0.0,21.93
George,Pickens,WR,PIT,2024.0,184.1,59.8,24.0,False,2.0,15.0,0.0,0.0,0.0,0.0,0.0,2.0,-6.0,0.0,64.0,108.0,987.0,4.0,12.27
Rhamondre,Stevenson,RB,NE,2024.0,175.9,62.0,27.0,False,4.0,15.0,0.0,0.0,0.0,0.0,0.0,207.0,801.0,7.0,33.0,41.0,168.0,1.0,11.73
Keenan,Allen,WR,CHI,2024.0,184.4,63.5,33.0,False,3.0,15.0,0.0,1.0,0.0,0.0,1.0,0.0,0.0,0.0,70.0,121.0,744.0,7.0,12.29
Raheem,Mostert,RB,MIA,2024.0,70.9,64.1,33.0,False,0.0,12.0,0.0,0.0,0.0,0.0,0.0,85.0,278.0,2.0,19.0,23.0,161.0,0.0,5.91
Rashee,Rice,WR,KC,2024.0,64.9,64.2,25.0,False,2.0,3.0,0.0,0.0,0.0,0.0,0.0,1.0,1.0,0.0,24.0,29.0,288.0,2.0,21.63
Nick,Chubb,RB,CLE,2024.0,63.3,65.0,29.0,False,2.0,8.0,0.0,0.0,0.0,0.0,0.0,102.0,332.0,3.0,5.0,11.0,31.0,1.0,7.91
Jayden,Reed,WR,GB,2024.0,205.6,65.1,25.0,False,2.0,18.0,0.0,0.0,0.0,0.0,0.0,20.0,163.0,1.0,59.0,79.0,903.0,6.0,11.42
George,Kittle,TE,SF,2024.0,236.6,66.7,32.0,False,5.0,15.0,0.0,0.0,0.0,0.0,0.0,0.0,0.0,0.0,78.0,94.0,1106.0,8.0,15.77
Najee,Harris,RB,PIT,2024.0,213.40001,67.1,27.0,False,1.0,18.0,0.0,0.0,0.0,0.0,0.0,269.0,1060.0,6.0,39.0,51.0,324.0,0.0,11.86
Zamir,White,RB,LV,2024.0,29.3,67.8,26.0,False,4.0,8.0,0.0,0.0,0.0,0.0,0.0,65.0,183.0,1.0,6.0,8.0,30.0,0.0,3.66
Chris,Godwin,WR,TB,2024.0,137.8,68.4,29.0,False,3.0,7.0,0.0,0.0,0.0,0.0,0.0,1.0,2.0,0.0,50.0,62.0,576.0,5.0,19.69
Dak,Prescott,QB,DAL,2024.0,116.520004,69.8,32.0,False,4.0,8.0,185.0,286.0,1978.0,11.0,8.0,13.0,54.0,1.0,0.0,0.0,0.0,0.0,14.57
Terry,McLaurin,WR,WAS,2024.0,322.5,70.2,30.0,False,3.0,20.0,0.0,0.0,0.0,0.0,0.0,2.0,2.0,0.0,96.0,140.0,1323.0,16.0,16.12
Kyle,Pitts,TE,ATL,2024.0,131.2,72.8,25.0,False,1.0,17.0,0.0,0.0,0.0,0.0,0.0,0.0,0.0,0.0,47.0,74.0,602.0,4.0,7.72
Jordan,Love,QB,GB,2024.0,237.34,73.2,27.0,False,1.0,16.0,288.0,458.0,3601.0,25.0,14.0,27.0,93.0,1.0,0.0,0.0,0.0,0.0,14.83
Zack,Moss,RB,CIN,2024.0,81.9,74.4,27.0,False,3.0,8.0,0.0,0.0,0.0,0.0,0.0,74.0,242.0,2.0,23.0,27.0,187.0,1.0,10.24
Calvin,Ridley,WR,TEN,2024.0,199.2,74.7,30.0,False,1.0,17.0,0.0,0.0,0.0,0.0,0.0,8.0,55.0,1.0,64.0,120.0,1017.0,4.0,11.72
Kyler,Murray,QB,ARI,2024.0,297.24,76.1,28.0,False,1.0,17.0,372.0,541.0,3851.0,21.0,11.0,78.0,572.0,5.0,0.0,0.0,0.0,0.0,17.48
Javonte,Williams,RB,DEN,2024.0,164.2,77.5,25.0,False,2.0,18.0,0.0,0.0,0.0,0.0,0.0,146.0,542.0,4.0,54.0,72.0,360.0,0.0,9.12
Evan,Engram,TE,JAX,2024.0,89.5,79.5,31.0,False,1.0,9.0,0.0,0.0,0.0,0.0,0.0,0.0,0.0,0.0,47.0,64.0,365.0,1.0,9.94
Jaylen,Warren,RB,PIT,2024.0,130.6,79.6,27.0,False,0.0,16.0,0.0,0.0,0.0,0.0,0.0,122.0,517.0,1.0,42.0,52.0,329.0,0.0,8.16
Tony,Pollard,RB,TEN,2024.0,200.7,81.7,28.0,False,4.0,16.0,0.0,0.0,0.0,0.0,0.0,260.0,1079.0,5.0,41.0,57.0,238.0,0.0,12.54
Xavier,Worthy,WR,KC,2024.0,253.7,81.9,22.0,True,1.0,19.0,0.0,0.0,0.0,0.0,0.0,23.0,112.0,3.0,78.0,119.0,925.0,9.0,13.35
Marquise,Brown,WR,KC,2024.0,28.1,82.2,28.0,False,1.0,5.0,0.0,0.0,0.0,0.0,0.0,0.0,0.0,0.0,14.0,28.0,141.0,0.0,5.62
Christian,Watson,WR,GB,2024.0,105.299995,84.2,26.0,False,2.0,14.0,0.0,0.0,0.0,0.0,0.0,4.0,23.0,0.0,29.0,53.0,620.0,2.0,7.52
Jonathon,Brooks,RB,CAR,2024.0,7.4999995,85.4,22.0,True,2.0,3.0,0.0,0.0,0.0,0.0,0.0,9.0,22.0,0.0,3.0,3.0,23.0,0.0,2.5
Devin,Singletary,RB,NYG,2024.0,96.6,87.9,28.0,False,3.0,15.0,0.0,0.0,0.0,0.0,0.0,113.0,437.0,4.0,21.0,24.0,119.0,0.0,6.44
Austin,Ekeler,RB,WAS,2024.0,159.6,88.0,30.0,False,0.0,15.0,0.0,0.0,0.0,0.0,0.0,99.0,456.0,4.0,47.0,56.0,450.0,0.0,10.64
Keon,Coleman,WR,BUF,2024.0,118.7,88.1,22.0,True,2.0,16.0,0.0,0.0,0.0,0.0,0.0,1.0,9.0,0.0,32.0,65.0,578.0,4.0,7.42
Tua,Tagovailoa,QB,MIA,2024.0,181.58,88.6,27.0,False,1.0,11.0,291.0,399.0,2867.0,19.0,7.0,17.0,49.0,0.0,0.0,0.0,0.0,0.0,16.51
Jake,Ferguson,TE,DAL,2024.0,104.4,89.2,26.0,False,4.0,14.0,0.0,0.0,0.0,0.0,0.0,0.0,0.0,0.0,59.0,86.0,494.0,0.0,7.46
Jaxon,Smith-Njigba,WR,SEA,2024.0,253.0,90.5,23.0,False,1.0,17.0,1.0,1.0,35.0,0.0,0.0,5.0,26.0,0.0,100.0,137.0,1130.0,6.0,14.88
Tyjae,Spears,RB,TEN,2024.0,113.6,91.4,24.0,False,3.0,12.0,0.0,0.0,0.0,0.0,0.0,84.0,312.0,4.0,30.0,35.0,224.0,1.0,9.47
Chase,Brown,RB,CIN,2024.0,255.0,91.9,25.0,False,5.0,16.0,0.0,0.0,0.0,0.0,0.0,229.0,990.0,7.0,54.0,65.0,360.0,4.0,15.94
Diontae,Johnson,WR,HOU,2024.0,91.299995,92.1,29.0,False,3.0,12.0,0.0,0.0,0.0,0.0,0.0,2.0,6.0,0.0,34.0,68.0,387.0,3.0,7.61
Jared,Goff,QB,DET,2024.0,333.68,94.3,31.0,False,1.0,18.0,413.0,579.0,4942.0,38.0,15.0,36.0,63.0,0.0,1.0,1.0,7.0,1.0,18.54
Ezekiel,Elliott,RB,LAC,2024.0,57.5,96.2,30.0,False,1.0,15.0,0.0,0.0,0.0,0.0,0.0,74.0,226.0,3.0,12.0,15.0,69.0,0.0,3.83
Rome,Odunze,WR,CHI,2024.0,144.9,97.7,23.0,True,1.0,17.0,0.0,0.0,0.0,0.0,0.0,3.0,15.0,0.0,54.0,101.0,734.0,3.0,8.52
Brian,Robinson,RB,WAS,2024.0,190.9,97.9,26.0,False,3.0,17.0,0.0,0.0,0.0,0.0,0.0,223.0,928.0,10.0,24.0,30.0,181.0,0.0,11.23
Ladd,McConkey,WR,LAC,2024.0,275.6,98.4,24.0,True,2.0,17.0,0.0,0.0,0.0,0.0,0.0,0.0,0.0,0.0,91.0,126.0,1346.0,8.0,16.21
Jerome,Ford,RB,CLE,2024.0,134.0,98.5,26.0,False,5.0,14.0,0.0,0.0,0.0,0.0,0.0,104.0,565.0,3.0,37.0,43.0,225.0,0.0,9.57
Jayden,Daniels,QB,WAS,2024.0,428.19998,99.2,24.0,True,1.0,20.0,406.0,594.0,4390.0,30.0,10.0,183.0,1026.0,7.0,0.0,0.0,0.0,0.0,21.41
Gus,Edwards,RB,LAC,2024.0,66.3,100.6,30.0,False,0.0,12.0,0.0,0.0,0.0,0.0,0.0,108.0,387.0,4.0,3.0,5.0,6.0,0.0,5.53
David,Njoku,TE,CLE,2024.0,148.5,101.1,29.0,False,1.0,11.0,0.0,0.0,0.0,0.0,0.0,0.0,0.0,0.0,64.0,97.0,505.0,5.0,13.5
Romeo,Doubs,WR,GB,2024.0,135.4,103.0,25.0,False,4.0,14.0,0.0,0.0,0.0,0.0,0.0,0.0,0.0,0.0,48.0,74.0,614.0,4.0,9.67
DeAndre,Hopkins,WR,KC,2024.0,160.9,104.5,33.0,False,1.0,19.0,0.0,0.0,0.0,0.0,0.0,0.0,0.0,0.0,59.0,88.0,639.0,6.0,8.47
Dallas,Goedert,TE,PHI,2024.0,149.4,105.5,30.0,False,2.0,14.0,0.0,0.0,0.0,0.0,0.0,2.0,13.0,0.0,59.0,72.0,711.0,3.0,10.67
Brock,Purdy,QB,SF,2024.0,266.86002,105.7,25.0,False,7.0,15.0,300.0,455.0,3864.0,20.0,12.0,66.0,323.0,5.0,0.0,0.0,0.0,0.0,17.79
Tyler,Lockett,WR,SEA,2024.0,121.0,106.6,33.0,False,3.0,17.0,0.0,0.0,0.0,0.0,0.0,0.0,0.0,0.0,49.0,74.0,600.0,2.0,7.12
Jameson,Williams,WR,DET,2024.0,225.2,107.8,24.0,False,1.0,16.0,0.0,1.0,0.0,0.0,1.0,12.0,122.0,2.0,59.0,95.0,1020.0,7.0,14.07
Trey,Benson,RB,ARI,2024.0,47.0,108.5,23.0,True,3.0,12.0,0.0,0.0,0.0,0.0,0.0,63.0,291.0,1.0,6.0,6.0,59.0,0.0,3.92
Chuba,Hubbard,RB,CAR,2024.0,241.6,108.8,26.0,False,4.0,15.0,0.0,0.0,0.0,0.0,0.0,250.0,1195.0,10.0,43.0,54.0,171.0,1.0,16.11
Blake,Corum,RB,LA,2024.0,33.5,110.3,25.0,True,3.0,14.0,0.0,0.0,0.0,0.0,0.0,58.0,207.0,0.0,7.0,8.0,58.0,0.0,2.39
Courtland,Sutton,WR,DEN,2024.0,252.8,110.8,30.0,False,2.0,17.0,2.0,2.0,30.0,1.0,0.0,0.0,0.0,0.0,86.0,144.0,1156.0,8.0,14.87
Brian,Thomas,WR,JAX,2024.0,284.0,114.2,23.0,True,1.0,17.0,0.0,0.0,0.0,0.0,0.0,6.0,48.0,0.0,87.0,133.0,1282.0,10.0,16.71
Justin,Herbert,QB,LAC,2024.0,291.08002,114.6,27.0,False,1.0,18.0,346.0,536.0,4112.0,24.0,7.0,69.0,306.0,2.0,0.0,0.0,0.0,0.0,16.17
Mike,Williams,WR,PIT,2024.0,61.5,116.1,31.0,False,1.0,14.0,0.0,0.0,0.0,0.0,0.0,0.0,0.0,0.0,22.0,36.0,335.0,1.0,4.39
Mike,Williams,WR,PIT,2024.0,61.5,116.1,38.0,False,1.0,14.0,0.0,0.0,0.0,0.0,0.0,0.0,0.0,0.0,22.0,36.0,335.0,1.0,4.39
J.K.,Dobbins,RB,LAC,2024.0,194.4,116.2,26.0,False,2.0,14.0,0.0,0.0,0.0,0.0,0.0,204.0,931.0,9.0,32.0,39.0,153.0,0.0,13.89
Caleb,Williams,QB,CHI,2024.0,254.54,116.7,24.0,True,1.0,17.0,351.0,562.0,3541.0,20.0,6.0,81.0,489.0,0.0,0.0,0.0,0.0,0.0,14.97
Khalil,Shakir,WR,BUF,2024.0,217.9,117.4,25.0,False,5.0,18.0,0.0,0.0,0.0,0.0,0.0,2.0,4.0,0.0,94.0,120.0,995.0,4.0,12.11
Dalton,Schultz,TE,HOU,2024.0,132.8,117.9,29.0,False,4.0,19.0,0.0,0.0,0.0,0.0,0.0,0.0,0.0,0.0,59.0,93.0,618.0,2.0,6.99
T.J.,Hockenson,TE,MIN,2024.0,103.899994,118.7,28.0,False,1.0,11.0,0.0,0.0,0.0,0.0,0.0,0.0,0.0,0.0,46.0,67.0,519.0,1.0,9.45
Rico,Dowdle,RB,DAL,2024.0,197.8,118.9,27.0,False,0.0,16.0,0.0,0.0,0.0,0.0,0.0,235.0,1079.0,2.0,39.0,49.0,249.0,3.0,12.36
Brock,Bowers,TE,LV,2024.0,262.7,121.7,22.0,True,1.0,17.0,0.0,0.0,0.0,0.0,0.0,5.0,13.0,0.0,112.0,153.0,1194.0,5.0,15.45
Curtis,Samuel,WR,BUF,2024.0,89.799995,122.6,29.0,False,2.0,17.0,0.0,0.0,0.0,0.0,0.0,5.0,14.0,0.0,37.0,54.0,334.0,3.0,5.28
Matthew,Stafford,QB,LA,2024.0,250.29999,123.1,37.0,False,1.0,18.0,385.0,588.0,4295.0,24.0,8.0,34.0,45.0,0.0,0.0,0.0,0.0,0.0,13.91
Tyler,Allgeier,RB,ATL,2024.0,106.2,125.1,25.0,False,5.0,17.0,0.0,0.0,0.0,0.0,0.0,137.0,644.0,3.0,13.0,13.0,88.0,0.0,6.25
Jaleel,McLaughlin,RB,DEN,2024.0,98.0,126.6,25.0,False,0.0,17.0,0.0,0.0,0.0,0.0,0.0,115.0,494.0,1.0,25.0,28.0,76.0,2.0,5.76
Trevor,Lawrence,QB,JAX,2024.0,145.7,126.7,26.0,False,1.0,10.0,172.0,284.0,2045.0,11.0,7.0,26.0,119.0,3.0,0.0,0.0,0.0,0.0,14.57
Kirk,Cousins,QB,ATL,2024.0,176.32,130.1,37.0,False,4.0,14.0,303.0,453.0,3508.0,18.0,16.0,23.0,0.0,0.0,0.0,0.0,0.0,0.0,12.59
Ty,Chandler,RB,MIN,2024.0,28.4,130.3,27.0,False,5.0,10.0,0.0,0.0,0.0,0.0,0.0,56.0,182.0,0.0,6.0,6.0,42.0,0.0,2.84
Aaron,Rodgers,QB,NYJ,2024.0,256.58,130.4,41.0,False,1.0,17.0,368.0,584.0,3897.0,28.0,11.0,22.0,107.0,0.0,0.0,0.0,0.0,0.0,15.09
Zach,Charbonnet,RB,SEA,2024.0,183.7,130.7,24.0,False,2.0,17.0,0.0,0.0,0.0,0.0,0.0,135.0,569.0,8.0,42.0,52.0,308.0,1.0,10.81
Jakobi,Meyers,WR,LV,2024.0,218.0,131.7,29.0,False,0.0,15.0,0.0,0.0,0.0,0.0,0.0,2.0,23.0,0.0,87.0,129.0,1027.0,4.0,14.53
Jerry,Jeudy,WR,CLE,2024.0,240.9,132.9,26.0,False,1.0,17.0,0.0,0.0,0.0,0.0,0.0,0.0,0.0,0.0,90.0,145.0,1229.0,4.0,14.17
Jordan,Addison,WR,MIN,2024.0,218.40001,134.1,23.0,False,1.0,16.0,0.0,0.0,0.0,0.0,0.0,3.0,20.0,1.0,66.0,107.0,904.0,9.0,13.65
Justin,Fields,QB,PIT,2024.0,119.14,134.7,26.0,False,1.0,11.0,106.0,162.0,1106.0,5.0,1.0,62.0,289.0,5.0,0.0,0.0,0.0,0.0,10.83
Brandin,Cooks,WR,DAL,2024.0,69.6,135.1,32.0,False,1.0,10.0,0.0,0.0,0.0,0.0,0.0,3.0,-3.0,0.0,26.0,54.0,259.0,3.0,6.96
Pat,Freiermuth,TE,PIT,2024.0,172.8,135.5,27.0,False,2.0,18.0,0.0,0.0,0.0,0.0,0.0,0.0,0.0,0.0,68.0,82.0,668.0,7.0,9.6
Khalil,Herbert,RB,CIN,2024.0,31.5,136.4,27.0,False,6.0,8.0,0.0,0.0,0.0,0.0,0.0,36.0,130.0,1.0,10.0,11.0,25.0,0.0,3.94
Cole,Kmet,TE,CHI,2024.0,120.4,137.1,26.0,False,2.0,14.0,0.0,0.0,0.0,0.0,0.0,0.0,0.0,0.0,47.0,55.0,474.0,4.0,8.6
Rashid,Shaheed,WR,NO,2024.0,81.8,139.8,27.0,False,0.0,6.0,0.0,0.0,0.0,0.0,0.0,6.0,29.0,0.0,20.0,41.0,349.0,3.0,13.63
Xavier,Legette,WR,CAR,2024.0,125.1,141.3,24.0,True,1.0,15.0,0.0,0.0,0.0,0.0,0.0,6.0,24.0,0.0,49.0,84.0,497.0,4.0,8.34
Kimani,Vidal,RB,LAC,2024.0,32.7,143.9,24.0,True,6.0,9.0,0.0,0.0,0.0,0.0,0.0,43.0,155.0,0.0,5.0,9.0,62.0,1.0,3.63
Ray,Davis,RB,BUF,2024.0,125.7,147.7,26.0,True,4.0,19.0,0.0,0.0,0.0,0.0,0.0,120.0,478.0,4.0,17.0,19.0,189.0,3.0,6.62
Jordan,Mason,RB,SF,2024.0,115.0,149.1,26.0,False,0.0,12.0,0.0,0.0,0.0,0.0,0.0,153.0,789.0,3.0,11.0,14.0,91.0,0.0,9.58
Deshaun,Watson,QB,CLE,2024.0,76.72,149.3,30.0,False,1.0,7.0,137.0,216.0,1148.0,5.0,3.0,31.0,148.0,1.0,0.0,0.0,0.0,0.0,10.96
Dameon,Pierce,RB,HOU,2024.0,46.0,151.4,25.0,False,4.0,11.0,0.0,0.0,0.0,0.0,0.0,46.0,318.0,2.0,2.0,5.0,2.0,0.0,4.18
Luke,Musgrave,TE,GB,2024.0,11.5,151.7,25.0,False,2.0,7.0,0.0,0.0,0.0,0.0,0.0,0.0,0.0,0.0,7.0,10.0,45.0,0.0,1.64
Isaiah,Likely,TE,BAL,2024.0,149.3,152.0,25.0,False,4.0,17.0,0.0,0.0,0.0,0.0,0.0,0.0,0.0,0.0,49.0,67.0,603.0,7.0,8.78
Jahan,Dotson,WR,PHI,2024.0,56.2,152.0,25.0,False,1.0,16.0,0.0,0.0,0.0,0.0,0.0,1.0,13.0,0.0,22.0,38.0,269.0,1.0,3.51
Quentin,Johnston,WR,LAC,2024.0,174.7,152.2,24.0,False,1.0,16.0,0.0,0.0,0.0,0.0,0.0,3.0,6.0,0.0,55.0,96.0,711.0,8.0,10.92
Bucky,Irving,RB,TB,2024.0,260.7,152.9,23.0,True,4.0,18.0,0.0,0.0,0.0,0.0,0.0,224.0,1199.0,8.0,49.0,54.0,398.0,1.0,14.48
Josh,Downs,WR,IND,2024.0,182.2,155.9,24.0,False,3.0,14.0,0.0,0.0,0.0,0.0,0.0,1.0,-1.0,0.0,72.0,107.0,803.0,5.0,13.01
Taysom,Hill,TE,NO,2024.0,102.34,155.9,35.0,False,0.0,8.0,2.0,4.0,21.0,0.0,1.0,39.0,278.0,6.0,23.0,31.0,187.0,0.0,12.79
Baker,Mayfield,QB,TB,2024.0,381.5,156.0,30.0,False,1.0,18.0,422.0,588.0,4685.0,43.0,16.0,67.0,401.0,3.0,0.0,0.0,0.0,0.0,21.19
Jaylen,Wright,RB,MIA,2024.0,26.7,156.6,22.0,True,4.0,13.0,0.0,0.0,0.0,0.0,0.0,68.0,249.0,0.0,3.0,6.0,8.0,0.0,2.05
Antonio,Gibson,RB,NE,2024.0,103.4,158.6,27.0,False,3.0,17.0,0.0,0.0,0.0,0.0,0.0,120.0,538.0,1.0,23.0,29.0,206.0,0.0,6.08
Adam,Thielen,WR,CAR,2024.0,139.5,159.0,35.0,False,0.0,10.0,0.0,0.0,0.0,0.0,0.0,0.0,0.0,0.0,48.0,62.0,615.0,5.0,13.95
MarShawn,Lloyd,RB,GB,2024.0,2.8,159.1,24.0,True,3.0,1.0,0.0,0.0,0.0,0.0,0.0,6.0,15.0,0.0,1.0,1.0,3.0,0.0,2.8
Geno,Smith,QB,SEA,2024.0,266.0,159.8,35.0,False,2.0,17.0,407.0,578.0,4320.0,21.0,15.0,53.0,272.0,2.0,0.0,0.0,0.0,0.0,15.65
Will,Levis,QB,TEN,2024.0,119.94,160.0,26.0,False,2.0,12.0,190.0,301.0,2091.0,13.0,12.0,45.0,183.0,0.0,0.0,0.0,0.0,0.0,10.0
Dontayvion,Wicks,WR,GB,2024.0,116.4,160.0,24.0,False,5.0,18.0,0.0,0.0,0.0,0.0,0.0,0.0,0.0,0.0,41.0,82.0,454.0,5.0,6.47
Alexander,Mattison,RB,LV,2024.0,137.4,160.7,27.0,False,3.0,14.0,0.0,0.0,0.0,0.0,0.0,132.0,420.0,4.0,36.0,48.0,294.0,1.0,9.81
Adonai,Mitchell,WR,IND,2024.0,53.76,160.9,23.0,True,2.0,17.0,1.0,1.0,24.0,0.0,0.0,4.0,6.0,0.0,23.0,55.0,312.0,0.0,3.16
Darnell,Mooney,WR,ATL,2024.0,193.2,161.8,28.0,False,5.0,16.0,0.0,1.0,0.0,0.0,0.0,0.0,0.0,0.0,64.0,106.0,992.0,5.0,12.07
Ricky,Pearsall,WR,SF,2024.0,93.5,162.7,25.0,True,1.0,10.0,0.0,1.0,0.0,0.0,0.0,3.0,45.0,0.0,31.0,46.0,400.0,3.0,9.35
Ja'Lynn,Polk,WR,NE,2024.0,32.7,163.4,23.0,True,2.0,13.0,0.0,0.0,0.0,0.0,0.0,1.0,0.0,0.0,12.0,33.0,87.0,2.0,2.52
Dawson,Knox,TE,BUF,2024.0,67.6,165.9,29.0,False,3.0,17.0,0.0,0.0,0.0,0.0,0.0,0.0,0.0,0.0,26.0,39.0,356.0,1.0,3.98
Rashod,Bateman,WR,BAL,2024.0,201.6,169.6,25.0,False,1.0,18.0,0.0,0.0,0.0,0.0,0.0,0.0,0.0,0.0,51.0,79.0,846.0,11.0,11.2
Gabe,Davis,WR,JAX,2024.0,53.9,169.6,26.0,False,0.0,9.0,0.0,0.0,0.0,0.0,0.0,0.0,0.0,0.0,20.0,42.0,239.0,2.0,5.99
Michael,Wilson,WR,ARI,2024.0,124.5,170.2,25.0,False,3.0,16.0,0.0,0.0,0.0,0.0,0.0,1.0,7.0,0.0,47.0,71.0,548.0,4.0,7.78
Tyrone,Tracy,RB,NYG,2024.0,182.3,174.0,26.0,True,5.0,17.0,0.0,0.0,0.0,0.0,0.0,192.0,839.0,5.0,38.0,53.0,284.0,1.0,10.72
Bo,Nix,QB,DEN,2024.0,331.26,177.5,25.0,True,1.0,18.0,389.0,589.0,3919.0,30.0,12.0,96.0,473.0,4.0,1.0,1.0,2.0,1.0,18.4
Sam,Darnold,QB,MIN,2024.0,319.66,999.0,28.0,False,1.0,18.0,386.0,585.0,4564.0,36.0,13.0,71.0,231.0,1.0,0.0,0.0,0.0,0.0,17.76
Jonnu,Smith,TE,MIA,2024.0,222.3,999.0,30.0,False,3.0,17.0,0.0,0.0,0.0,0.0,0.0,2.0,-1.0,0.0,88.0,111.0,884.0,8.0,13.08
Zach,Ertz,TE,WAS,2024.0,216.9,999.0,35.0,False,2.0,20.0,0.0,0.0,0.0,0.0,0.0,0.0,0.0,0.0,84.0,116.0,809.0,8.0,10.84
Jauan,Jennings,WR,SF,2024.0,210.5,999.0,28.0,False,7.0,15.0,0.0,0.0,0.0,0.0,0.0,0.0,0.0,0.0,77.0,113.0,975.0,6.0,14.03
Bryce,Young,QB,CAR,2024.0,195.02,999.0,24.0,False,1.0,14.0,234.0,384.0,2403.0,15.0,9.0,43.0,249.0,6.0,0.0,0.0,0.0,0.0,13.93
Russell,Wilson,QB,PIT,2024.0,192.18001,999.0,36.0,False,3.0,12.0,234.0,365.0,2752.0,18.0,5.0,46.0,161.0,2.0,0.0,0.0,0.0,0.0,16.02
Kareem,Hunt,RB,KC,2024.0,183.4,999.0,30.0,False,3.0,16.0,0.0,0.0,0.0,0.0,0.0,228.0,845.0,9.0,26.0,35.0,189.0,0.0,11.46
Wan'Dale,Robinson,WR,NYG,2024.0,182.7,999.0,24.0,False,2.0,17.0,0.0,0.0,0.0,0.0,0.0,3.0,18.0,0.0,93.0,140.0,699.0,3.0,10.75
Drake,Maye,QB,NE,2024.0,177.14,999.0,23.0,True,1.0,13.0,225.0,338.0,2276.0,15.0,10.0,54.0,421.0,2.0,0.0,0.0,0.0,0.0,13.63
Tucker,Kraft,TE,GB,2024.0,171.9,999.0,25.0,False,3.0,18.0,0.0,0.0,0.0,0.0,0.0,5.0,16.0,0.0,55.0,75.0,733.0,7.0,9.55
Alec,Pierce,WR,IND,2024.0,161.4,999.0,25.0,False,2.0,16.0,0.0,0.0,0.0,0.0,0.0,0.0,0.0,0.0,37.0,69.0,824.0,7.0,10.09
Jalen,Tolbert,WR,DAL,2024.0,152.0,999.0,26.0,False,3.0,17.0,0.0,0.0,0.0,0.0,0.0,0.0,0.0,0.0,49.0,79.0,610.0,7.0,8.94
Derek,Carr,QB,NO,2024.0,150.9,999.0,34.0,False,2.0,10.0,189.0,279.0,2145.0,15.0,5.0,17.0,71.0,1.0,0.0,0.0,0.0,0.0,15.09
Justice,Hill,RB,BAL,2024.0,147.3,999.0,28.0,False,4.0,17.0,0.0,0.0,0.0,0.0,0.0,59.0,290.0,1.0,48.0,57.0,403.0,4.0,8.66
Cade,Otton,TE,TB,2024.0,145.8,999.0,26.0,False,4.0,15.0,0.0,0.0,0.0,0.0,0.0,1.0,-4.0,0.0,61.0,89.0,632.0,4.0,9.72
Hunter,Henry,TE,NE,2024.0,145.4,999.0,30.0,False,2.0,16.0,0.0,0.0,0.0,0.0,0.0,0.0,0.0,0.0,66.0,97.0,674.0,2.0,9.09
Ray-Ray,McCloud,WR,ATL,2024.0,142.5,999.0,29.0,False,6.0,17.0,0.0,0.0,0.0,0.0,0.0,10.0,79.0,0.0,62.0,87.0,686.0,1.0,8.38
Jalen,McMillan,WR,TB,2024.0,141.5,999.0,23.0,True,3.0,14.0,0.0,0.0,0.0,0.0,0.0,4.0,43.0,0.0,39.0,62.0,502.0,8.0,10.11
Mike,Gesicki,TE,CIN,2024.0,141.5,999.0,30.0,False,2.0,16.0,0.0,0.0,0.0,0.0,0.0,0.0,0.0,0.0,65.0,83.0,665.0,2.0,8.84
Demarcus,Robinson,WR,LA,2024.0,137.2,999.0,31.0,False,4.0,19.0,0.0,0.0,0.0,0.0,0.0,0.0,0.0,0.0,35.0,73.0,602.0,7.0,7.22
Nick,Westbrook-Ikhine,WR,TEN,2024.0,135.7,999.0,28.0,False,0.0,13.0,0.0,0.0,0.0,0.0,0.0,0.0,0.0,0.0,32.0,60.0,497.0,9.0,10.44
Daniel,Jones,QB,MIN,2024.0,135.3,999.0,28.0,False,1.0,10.0,216.0,341.0,2070.0,8.0,7.0,67.0,265.0,2.0,0.0,0.0,0.0,0.0,13.53
Marvin,Mims,WR,DEN,2024.0,132.8,999.0,23.0,False,2.0,17.0,0.0,0.0,0.0,0.0,0.0,15.0,43.0,0.0,41.0,56.0,515.0,6.0,7.81
Jameis,Winston,QB,CLE,2024.0,131.14,999.0,31.0,False,1.0,11.0,181.0,296.0,2121.0,13.0,12.0,25.0,83.0,1.0,0.0,0.0,0.0,0.0,11.92
Tre,Tucker,WR,LV,2024.0,129.3,999.0,24.0,False,3.0,17.0,0.0,0.0,0.0,0.0,0.0,9.0,44.0,1.0,47.0,81.0,539.0,3.0,7.61
Tank,Bigsby,RB,JAX,2024.0,129.0,999.0,23.0,False,3.0,15.0,0.0,0.0,0.0,0.0,0.0,168.0,766.0,7.0,7.0,12.0,54.0,0.0,8.6
Olamide,Zaccheaus,WR,WAS,2024.0,127.9,999.0,28.0,False,0.0,18.0,0.0,0.0,0.0,0.0,0.0,1.0,8.0,0.0,52.0,74.0,551.0,3.0,7.11
Allen,Lazard,WR,NYJ,2024.0,126.0,999.0,29.0,False,0.0,12.0,0.0,1.0,0.0,0.0,0.0,0.0,0.0,0.0,37.0,61.0,530.0,6.0,10.5
Ameer,Abdullah,RB,LV,2024.0,125.2,999.0,32.0,False,2.0,13.0,0.0,0.0,0.0,0.0,0.0,66.0,311.0,2.0,40.0,47.0,261.0,3.0,9.63
Calvin,Austin,WR,PIT,2024.0,124.299995,999.0,26.0,False,4.0,18.0,0.0,0.0,0.0,0.0,0.0,0.0,0.0,0.0,37.0,60.0,573.0,4.0,6.91
Juwan,Johnson,TE,NO,2024.0,122.8,999.0,29.0,False,0.0,15.0,0.0,0.0,0.0,0.0,0.0,0.0,0.0,0.0,50.0,66.0,548.0,3.0,8.19
Kayshon,Boutte,WR,NE,2024.0,121.9,999.0,23.0,False,6.0,15.0,0.0,0.0,0.0,0.0,0.0,0.0,0.0,0.0,43.0,68.0,589.0,3.0,8.13
Tyler,Conklin,TE,NYJ,2024.0,121.9,999.0,30.0,False,5.0,16.0,0.0,0.0,0.0,0.0,0.0,1.0,0.0,0.0,51.0,72.0,449.0,4.0,7.62
Elijah,Moore,WR,CLE,2024.0,120.9,999.0,25.0,False,2.0,17.0,0.0,0.0,0.0,0.0,0.0,1.0,1.0,0.0,61.0,102.0,538.0,1.0,7.11
Mack,Hollins,WR,BUF,2024.0,120.2,999.0,32.0,False,4.0,19.0,0.0,0.0,0.0,0.0,0.0,0.0,0.0,0.0,36.0,58.0,482.0,6.0,6.33
Andrei,Iosivas,WR,CIN,2024.0,119.9,999.0,26.0,False,6.0,17.0,0.0,0.0,0.0,0.0,0.0,0.0,0.0,0.0,36.0,61.0,479.0,6.0,7.05
Noah,Gray,TE,KC,2024.0,118.8,999.0,26.0,False,5.0,18.0,0.0,0.0,0.0,0.0,0.0,1.0,-4.0,0.0,44.0,53.0,452.0,5.0,6.6
Ty,Johnson,RB,BUF,2024.0,114.5,999.0,28.0,False,6.0,20.0,0.0,0.0,0.0,0.0,0.0,61.0,307.0,1.0,22.0,29.0,318.0,4.0,5.72
Will,Dissly,TE,LAC,2024.0,113.7,999.0,29.0,False,4.0,16.0,0.0,0.0,0.0,0.0,0.0,0.0,0.0,0.0,52.0,69.0,497.0,2.0,7.11
Chig,Okonkwo,TE,TEN,2024.0,113.6,999.0,26.0,True,0.0,16.0,0.0,0.0,0.0,0.0,0.0,1.0,17.0,0.0,52.0,70.0,479.0,2.0,7.1
Jalen,Nailor,WR,MIN,2024.0,111.3,999.0,26.0,False,6.0,16.0,0.0,0.0,0.0,0.0,0.0,3.0,-4.0,0.0,31.0,47.0,447.0,6.0,6.96
Darius,Slayton,WR,NYG,2024.0,110.0,999.0,28.0,False,5.0,16.0,0.0,0.0,0.0,0.0,0.0,2.0,17.0,0.0,39.0,71.0,573.0,2.0,6.88
Cooper,Rush,QB,DAL,2024.0,109.56,999.0,32.0,False,0.0,12.0,187.0,308.0,1844.0,12.0,5.0,26.0,18.0,0.0,0.0,0.0,0.0,0.0,9.13
Austin,Hooper,TE,NE,2024.0,108.6,999.0,31.0,False,3.0,17.0,0.0,0.0,0.0,0.0,0.0,0.0,0.0,0.0,45.0,59.0,476.0,3.0,6.39
Dyami,Brown,WR,WAS,2024.0,108.3,999.0,26.0,False,3.0,18.0,0.0,1.0,0.0,0.0,0.0,3.0,26.0,0.0,44.0,58.0,537.0,2.0,6.02
Devaughn,Vele,WR,DEN,2024.0,106.5,999.0,27.0,True,7.0,14.0,0.0,0.0,0.0,0.0,0.0,0.0,0.0,0.0,41.0,57.0,475.0,3.0,7.61
KaVontae,Turpin,WR,DAL,2024.0,104.2,999.0,29.0,False,0.0,15.0,0.0,0.0,0.0,0.0,0.0,16.0,92.0,0.0,31.0,52.0,420.0,2.0,6.95
Noah,Fant,TE,SEA,2024.0,104.0,999.0,28.0,False,1.0,14.0,0.0,0.0,0.0,0.0,0.0,0.0,0.0,0.0,48.0,64.0,500.0,1.0,7.43
Foster,Moreau,TE,NO,2024.0,103.3,999.0,28.0,False,4.0,15.0,0.0,0.0,0.0,0.0,0.0,0.0,0.0,0.0,32.0,43.0,413.0,5.0,6.89
Tutu,Atwell,WR,LA,2024.0,101.7,999.0,26.0,False,2.0,16.0,0.0,1.0,0.0,0.0,0.0,2.0,7.0,0.0,43.0,63.0,580.0,0.0,6.36
Emanuel,Wilson,RB,GB,2024.0,99.9,999.0,26.0,False,0.0,18.0,0.0,0.0,0.0,0.0,0.0,106.0,508.0,4.0,12.0,17.0,71.0,1.0,5.55
Joe,Flacco,QB,IND,2024.0,99.04,999.0,40.0,False,1.0,7.0,162.0,248.0,1761.0,12.0,7.0,9.0,26.0,0.0,0.0,0.0,0.0,0.0,14.15
Cam,Akers,RB,MIN,2024.0,97.1,999.0,26.0,False,2.0,16.0,0.0,0.0,0.0,0.0,0.0,109.0,483.0,2.0,14.0,18.0,68.0,3.0,6.07
Parker,Washington,WR,JAX,2024.0,97.0,999.0,23.0,False,6.0,13.0,0.0,0.0,0.0,0.0,0.0,0.0,0.0,0.0,32.0,51.0,390.0,3.0,7.46
Gardner,Minshew,QB,LV,2024.0,96.32,999.0,29.0,False,6.0,10.0,203.0,306.0,2013.0,9.0,10.0,19.0,58.0,0.0,0.0,0.0,0.0,0.0,9.63
Isaac,Guerendo,RB,SF,2024.0,96.2,999.0,25.0,True,4.0,13.0,0.0,0.0,0.0,0.0,0.0,84.0,420.0,4.0,15.0,16.0,152.0,0.0,7.4
Mac,Jones,QB,JAX,2024.0,96.08,999.0,27.0,False,1.0,10.0,171.0,262.0,1672.0,8.0,8.0,28.0,92.0,1.0,0.0,0.0,0.0,0.0,9.61
Mason,Rudolph,QB,TEN,2024.0,95.8,999.0,30.0,False,3.0,8.0,146.0,228.0,1530.0,9.0,9.0,25.0,106.0,1.0,0.0,0.0,0.0,0.0,11.98
Tim,Patrick,WR,DET,2024.0,95.6,999.0,32.0,False,0.0,16.0,0.0,0.0,0.0,0.0,0.0,0.0,0.0,0.0,34.0,48.0,416.0,3.0,5.97
Aidan,O'Connell,QB,LV,2024.0,93.479996,999.0,27.0,False,4.0,9.0,154.0,243.0,1612.0,8.0,4.0,21.0,30.0,1.0,0.0,0.0,0.0,0.0,10.39
Jalen,Coker,WR,CAR,2024.0,92.56,999.0,24.0,True,0.0,11.0,1.0,1.0,19.0,0.0,0.0,0.0,0.0,0.0,32.0,46.0,478.0,2.0,8.41
Brenton,Strange,TE,JAX,2024.0,91.1,999.0,24.0,False,2.0,14.0,0.0,0.0,0.0,0.0,0.0,0.0,0.0,0.0,40.0,53.0,411.0,2.0,6.51
Jordan,Akins,TE,CLE,2024.0,91.0,999.0,33.0,False,3.0,16.0,0.0,0.0,0.0,0.0,0.0,0.0,0.0,0.0,40.0,58.0,390.0,2.0,5.69
Greg,Dortch,WR,ARI,2024.0,90.3,999.0,27.0,False,0.0,17.0,0.0,0.0,0.0,0.0,0.0,5.0,31.0,0.0,37.0,50.0,342.0,3.0,5.31
Noah,Brown,WR,WAS,2024.0,86.3,999.0,29.0,False,7.0,11.0,0.0,0.0,0.0,0.0,0.0,0.0,0.0,0.0,35.0,56.0,453.0,1.0,7.85
Braelon,Allen,RB,NYJ,2024.0,85.200005,999.0,21.0,True,4.0,17.0,0.0,0.0,0.0,0.0,0.0,92.0,334.0,2.0,19.0,27.0,148.0,1.0,5.01
David,Moore,WR,CAR,2024.0,85.1,999.0,30.0,False,7.0,14.0,0.0,0.0,0.0,0.0,0.0,1.0,0.0,0.0,32.0,57.0,351.0,3.0,6.08
Samaje,Perine,RB,KC,2024.0,84.9,999.0,30.0,False,4.0,20.0,0.0,0.0,0.0,0.0,0.0,21.0,100.0,1.0,29.0,38.0,339.0,1.0,4.25
Marquez,Valdes-Scantling,WR,NO,2024.0,84.5,999.0,31.0,False,5.0,13.0,0.0,0.0,0.0,0.0,0.0,1.0,4.0,0.0,19.0,44.0,411.0,4.0,6.5
Troy,Franklin,WR,DEN,2024.0,80.5,999.0,22.0,True,4.0,17.0,0.0,0.0,0.0,0.0,0.0,2.0,8.0,0.0,30.0,56.0,317.0,3.0,4.74
Cedric,Tillman,WR,CLE,2024.0,80.4,999.0,25.0,False,3.0,9.0,0.0,0.0,0.0,0.0,0.0,1.0,-5.0,0.0,29.0,49.0,339.0,3.0,8.93
Sterling,Shepard,WR,TB,2024.0,80.3,999.0,32.0,False,2.0,13.0,0.0,0.0,0.0,0.0,0.0,8.0,69.0,0.0,32.0,51.0,334.0,1.0,6.18
Drew,Lock,QB,NYG,2024.0,80.14,999.0,29.0,False,2.0,7.0,107.0,181.0,1071.0,6.0,5.0,18.0,133.0,2.0,0.0,0.0,0.0,0.0,11.45
AJ,Barner,TE,SEA,2024.0,78.5,999.0,23.0,True,4.0,14.0,0.0,0.0,0.0,0.0,0.0,0.0,0.0,0.0,30.0,38.0,245.0,4.0,5.61
Tyler,Boyd,WR,TEN,2024.0,78.3,999.0,31.0,False,2.0,15.0,0.0,1.0,0.0,0.0,0.0,1.0,3.0,0.0,39.0,57.0,390.0,0.0,5.22
Colby,Parkinson,TE,LA,2024.0,77.6,999.0,26.0,False,4.0,17.0,0.0,0.0,0.0,0.0,0.0,0.0,0.0,0.0,34.0,53.0,316.0,2.0,4.56
Roschon,Johnson,RB,CHI,2024.0,77.4,999.0,24.0,False,4.0,12.0,0.0,0.0,0.0,0.0,0.0,55.0,150.0,6.0,16.0,20.0,104.0,0.0,6.45
Miles,Sanders,RB,CAR,2024.0,77.3,999.0,28.0,False,2.0,11.0,0.0,0.0,0.0,0.0,0.0,55.0,205.0,2.0,24.0,30.0,148.0,1.0,7.03
Van,Jefferson,WR,PIT,2024.0,75.3,999.0,29.0,False,2.0,16.0,0.0,0.0,0.0,0.0,0.0,0.0,0.0,0.0,26.0,42.0,313.0,3.0,4.71
Ja'Tavion,Sanders,TE,CAR,2024.0,73.2,999.0,22.0,True,4.0,15.0,0.0,0.0,0.0,0.0,0.0,0.0,0.0,0.0,33.0,43.0,342.0,1.0,4.88
Kenneth,Gainwell,RB,PHI,2024.0,72.4,999.0,26.0,False,5.0,20.0,0.0,0.0,0.0,0.0,0.0,88.0,332.0,1.0,19.0,25.0,142.0,0.0,3.62
Jeremy,McNichols,RB,WAS,2024.0,70.7,999.0,29.0,False,5.0,16.0,0.0,0.0,0.0,0.0,0.0,60.0,270.0,5.0,9.0,12.0,27.0,0.0,4.42
Sean,Tucker,RB,TB,2024.0,68.7,999.0,24.0,False,0.0,11.0,0.0,0.0,0.0,0.0,0.0,50.0,308.0,2.0,9.0,12.0,109.0,1.0,6.25
Theo,Johnson,TE,NYG,2024.0,68.1,999.0,24.0,True,4.0,10.0,0.0,0.0,0.0,0.0,0.0,0.0,0.0,0.0,29.0,43.0,331.0,1.0,6.81
Josh,Oliver,TE,MIN,2024.0,67.3,999.0,28.0,False,3.0,12.0,0.0,0.0,0.0,0.0,0.0,0.0,0.0,0.0,23.0,29.0,263.0,3.0,5.61
Spencer,Rattler,QB,NO,2024.0,67.28,999.0,25.0,True,5.0,7.0,130.0,228.0,1317.0,4.0,5.0,18.0,146.0,0.0,0.0,0.0,0.0,0.0,9.61
Justin,Watson,WR,KC,2024.0,66.9,999.0,29.0,False,5.0,17.0,0.0,0.0,0.0,0.0,0.0,0.0,0.0,0.0,22.0,32.0,289.0,2.0,3.94
John,Metchie,WR,HOU,2024.0,65.7,999.0,25.0,False,2.0,12.0,0.0,0.0,0.0,0.0,0.0,0.0,0.0,0.0,30.0,47.0,317.0,1.0,5.47
Kendrick,Bourne,WR,NE,2024.0,65.1,999.0,30.0,False,0.0,12.0,0.0,1.0,0.0,0.0,0.0,1.0,6.0,0.0,28.0,38.0,305.0,1.0,5.42
JuJu,Smith-Schuster,WR,KC,2024.0,64.7,999.0,29.0,False,2.0,14.0,0.0,0.0,0.0,0.0,0.0,0.0,0.0,0.0,22.0,32.0,307.0,2.0,4.62
Lil'Jordan,Humphrey,WR,DEN,2024.0,64.3,999.0,27.0,False,0.0,14.0,0.0,0.0,0.0,0.0,0.0,0.0,0.0,0.0,31.0,45.0,293.0,1.0,4.59
Kalif,Raymond,WR,DET,2024.0,63.199997,999.0,31.0,False,0.0,11.0,0.0,0.0,0.0,0.0,0.0,2.0,0.0,0.0,20.0,25.0,252.0,2.0,5.75
Grant,Calcaterra,TE,PHI,2024.0,61.2,999.0,26.0,False,6.0,14.0,0.0,0.0,0.0,0.0,0.0,0.0,0.0,0.0,25.0,31.0,302.0,1.0,4.37
Tyler,Johnson,WR,LA,2024.0,61.1,999.0,27.0,False,5.0,11.0,0.0,0.0,0.0,0.0,0.0,0.0,0.0,0.0,26.0,41.0,291.0,1.0,5.55
Josh,Whyle,TE,TEN,2024.0,60.8,999.0,26.0,False,5.0,14.0,0.0,0.0,0.0,0.0,0.0,0.0,0.0,0.0,28.0,37.0,248.0,1.0,4.34
Tyler,Huntley,QB,MIA,2024.0,60.66,999.0,27.0,False,0.0,5.0,86.0,133.0,829.0,3.0,3.0,26.0,135.0,2.0,0.0,0.0,0.0,0.0,12.13
Andy,Dalton,QB,CAR,2024.0,58.96,999.0,38.0,False,2.0,6.0,106.0,160.0,989.0,7.0,6.0,11.0,34.0,0.0,0.0,0.0,0.0,0.0,9.83
Dare,Ogunbowale,RB,HOU,2024.0,58.4,999.0,31.0,False,0.0,17.0,0.0,0.0,0.0,0.0,0.0,32.0,126.0,0.0,20.0,29.0,198.0,1.0,3.44
Luke,Schoonmaker,TE,DAL,2024.0,57.100002,999.0,27.0,False,2.0,10.0,0.0,0.0,0.0,0.0,0.0,0.0,0.0,0.0,27.0,36.0,241.0,1.0,5.71
Malik,Washington,WR,MIA,2024.0,56.800003,999.0,24.0,True,6.0,12.0,0.0,0.0,0.0,0.0,0.0,5.0,25.0,1.0,26.0,36.0,223.0,0.0,4.73
Tommy,Tremble,TE,CAR,2024.0,56.4,999.0,25.0,False,3.0,10.0,0.0,0.0,0.0,0.0,0.0,0.0,0.0,0.0,23.0,32.0,234.0,2.0,5.64
Tyler,Higbee,TE,LA,2024.0,55.8,999.0,32.0,False,4.0,5.0,0.0,0.0,0.0,0.0,0.0,0.0,0.0,0.0,20.0,27.0,178.0,3.0,11.16
Emari,Demercado,RB,ARI,2024.0,54.7,999.0,26.0,False,0.0,13.0,0.0,0.0,0.0,0.0,0.0,24.0,223.0,1.0,16.0,20.0,104.0,0.0,4.21
Jordan,Whittington,WR,LA,2024.0,54.7,999.0,25.0,True,6.0,7.0,0.0,0.0,0.0,0.0,0.0,2.0,12.0,0.0,23.0,29.0,305.0,0.0,7.81
Trey,Sermon,RB,IND,2024.0,53.8,999.0,26.0,False,3.0,14.0,0.0,0.0,0.0,0.0,0.0,56.0,159.0,2.0,16.0,19.0,99.0,0.0,3.84
Nelson,Agholor,WR,BAL,2024.0,52.6,999.0,32.0,False,1.0,15.0,0.0,0.0,0.0,0.0,0.0,0.0,0.0,0.0,15.0,31.0,256.0,2.0,3.51
Cedrick,Wilson,WR,NO,2024.0,51.940002,999.0,30.0,False,6.0,10.0,1.0,1.0,21.0,1.0,0.0,0.0,0.0,0.0,20.0,27.0,211.0,1.0,5.19
Malik,Willis,QB,GB,2024.0,51.8,999.0,26.0,False,3.0,6.0,40.0,54.0,550.0,3.0,0.0,20.0,138.0,1.0,0.0,0.0,0.0,0.0,8.63
Johnny,Mundt,TE,MIN,2024.0,50.0,999.0,31.0,False,0.0,14.0,0.0,0.0,0.0,0.0,0.0,0.0,0.0,0.0,21.0,30.0,170.0,2.0,3.57
Elijah,Higgins,TE,ARI,2024.0,49.2,999.0,25.0,False,6.0,14.0,0.0,0.0,0.0,0.0,0.0,0.0,0.0,0.0,20.0,24.0,172.0,2.0,3.51
Nick,Vannett,TE,TEN,2024.0,48.5,999.0,32.0,False,3.0,12.0,0.0,0.0,0.0,0.0,0.0,0.0,0.0,0.0,17.0,20.0,135.0,3.0,4.04
DJ,Turner,WR,LV,2024.0,47.1,999.0,28.0,True,2.0,10.0,0.0,0.0,0.0,0.0,0.0,5.0,33.0,1.0,16.0,29.0,158.0,1.0,4.71
Darnell,Washington,TE,PIT,2024.0,46.9,999.0,24.0,False,3.0,14.0,0.0,0.0,0.0,0.0,0.0,0.0,0.0,0.0,20.0,28.0,209.0,1.0,3.35
Isaiah,Davis,RB,NYJ,2024.0,45.9,999.0,23.0,True,5.0,9.0,0.0,0.0,0.0,0.0,0.0,30.0,174.0,1.0,9.0,12.0,75.0,1.0,5.1
Marcus,Mariota,QB,WAS,2024.0,45.86,999.0,32.0,False,1.0,5.0,34.0,44.0,364.0,4.0,0.0,20.0,93.0,1.0,0.0,0.0,0.0,0.0,9.17
Jacoby,Brissett,QB,NE,2024.0,45.24,999.0,32.0,False,3.0,7.0,95.0,161.0,826.0,2.0,1.0,15.0,62.0,0.0,0.0,0.0,0.0,0.0,6.46
Chris,Brooks,RB,GB,2024.0,45.1,999.0,25.0,False,0.0,12.0,0.0,0.0,0.0,0.0,0.0,36.0,183.0,1.0,13.0,16.0,78.0,0.0,3.76
Adam,Trautman,TE,DEN,2024.0,45.0,999.0,28.0,False,3.0,14.0,0.0,0.0,0.0,0.0,0.0,0.0,0.0,0.0,14.0,23.0,190.0,2.0,3.21
Tyler,Goodson,RB,IND,2024.0,44.4,999.0,25.0,False,0.0,9.0,0.0,0.0,0.0,0.0,0.0,32.0,153.0,1.0,11.0,15.0,61.0,1.0,4.93
Michael,Penix,QB,ATL,2024.0,44.1,999.0,25.0,True,1.0,5.0,61.0,105.0,775.0,3.0,3.0,7.0,11.0,1.0,0.0,0.0,0.0,0.0,8.82
Nate,Adkins,TE,DEN,2024.0,43.5,999.0,26.0,False,0.0,12.0,0.0,0.0,0.0,0.0,0.0,0.0,0.0,0.0,14.0,15.0,115.0,3.0,3.62
Tylan,Wallace,WR,BAL,2024.0,43.1,999.0,26.0,False,4.0,10.0,0.0,0.0,0.0,0.0,0.0,0.0,0.0,0.0,13.0,15.0,241.0,1.0,4.31
Robert,Woods,WR,HOU,2024.0,42.5,999.0,33.0,False,2.0,13.0,0.0,0.0,0.0,0.0,0.0,0.0,0.0,0.0,22.0,34.0,225.0,0.0,3.27
Derius,Davis,WR,LAC,2024.0,41.2,999.0,25.0,False,4.0,12.0,0.0,0.0,0.0,0.0,0.0,13.0,36.0,0.0,14.0,18.0,116.0,2.0,3.43
Cade,Stover,TE,HOU,2024.0,41.1,999.0,25.0,True,4.0,14.0,0.0,0.0,0.0,0.0,0.0,0.0,0.0,0.0,19.0,26.0,161.0,1.0,2.94
Tanner,Hudson,TE,CIN,2024.0,38.5,999.0,31.0,False,0.0,9.0,0.0,0.0,0.0,0.0,0.0,1.0,1.0,0.0,19.0,23.0,154.0,1.0,4.28
Josh,Reynolds,WR,JAX,2024.0,38.4,999.0,30.0,False,4.0,8.0,0.0,0.0,0.0,0.0,0.0,0.0,0.0,0.0,13.0,24.0,194.0,1.0,4.8
Cordarrelle,Patterson,RB,PIT,2024.0,37.5,999.0,34.0,False,1.0,13.0,0.0,0.0,0.0,0.0,0.0,32.0,135.0,0.0,12.0,14.0,80.0,1.0,2.88
Xavier,Hutchinson,WR,HOU,2024.0,37.3,999.0,25.0,False,6.0,16.0,0.0,0.0,0.0,0.0,0.0,0.0,0.0,0.0,17.0,33.0,203.0,0.0,2.33
Jamaal,Williams,RB,NO,2024.0,37.100002,999.0,30.0,False,4.0,13.0,0.0,0.0,0.0,0.0,0.0,48.0,164.0,1.0,9.0,11.0,57.0,0.0,2.85
Ryan,Miller,WR,TB,2024.0,36.8,999.0,25.0,False,5.0,8.0,0.0,0.0,0.0,0.0,0.0,0.0,0.0,0.0,12.0,20.0,128.0,2.0,4.6
Michael,Mayer,TE,LV,2024.0,36.6,999.0,24.0,False,2.0,11.0,0.0,0.0,0.0,0.0,0.0,0.0,0.0,0.0,21.0,32.0,156.0,0.0,3.33
Drew,Sample,TE,CIN,2024.0,36.5,999.0,29.0,False,2.0,11.0,0.0,0.0,0.0,0.0,0.0,1.0,-4.0,0.0,20.0,22.0,109.0,1.0,3.32
D'Ernest,Johnson,RB,JAX,2024.0,35.9,999.0,29.0,False,0.0,12.0,0.0,0.0,0.0,0.0,0.0,32.0,143.0,0.0,12.0,19.0,96.0,0.0,2.99
Erick,All,TE,CIN,2024.0,35.8,999.0,25.0,True,4.0,8.0,0.0,0.0,0.0,0.0,0.0,0.0,0.0,0.0,20.0,22.0,158.0,0.0,4.47
Michael,Carter,RB,ARI,2024.0,35.8,999.0,26.0,False,4.0,3.0,0.0,0.0,0.0,0.0,0.0,35.0,131.0,1.0,11.0,11.0,57.0,0.0,11.93
Jalen,Brooks,WR,DAL,2024.0,35.7,999.0,25.0,False,7.0,12.0,0.0,0.0,0.0,0.0,0.0,0.0,0.0,0.0,12.0,30.0,177.0,1.0,2.98
Lucas,Krull,TE,DEN,2024.0,35.4,999.0,27.0,False,0.0,11.0,0.0,0.0,0.0,0.0,0.0,0.0,0.0,0.0,20.0,24.0,154.0,0.0,3.22
Pierre,Strong,RB,CLE,2024.0,35.2,999.0,26.0,False,4.0,11.0,0.0,0.0,0.0,0.0,0.0,26.0,108.0,0.0,14.0,22.0,104.0,0.0,3.2
Trey,Palmer,WR,TB,2024.0,35.2,999.0,24.0,False,6.0,10.0,0.0,0.0,0.0,0.0,0.0,0.0,0.0,0.0,12.0,22.0,172.0,1.0,3.52
Brock,Wright,TE,DET,2024.0,35.0,999.0,26.0,False,0.0,10.0,0.0,0.0,0.0,0.0,0.0,0.0,0.0,0.0,13.0,16.0,100.0,2.0,3.5
Luke,McCaffrey,WR,WAS,2024.0,34.8,999.0,24.0,True,3.0,13.0,0.0,0.0,0.0,0.0,0.0,0.0,0.0,0.0,18.0,25.0,168.0,0.0,2.68
Stone,Smartt,TE,LAC,2024.0,34.8,999.0,27.0,False,0.0,7.0,0.0,0.0,0.0,0.0,0.0,0.0,0.0,0.0,16.0,19.0,208.0,0.0,4.97
Payne,Durham,TE,TB,2024.0,34.5,999.0,25.0,False,5.0,5.0,0.0,0.0,0.0,0.0,0.0,0.0,0.0,0.0,11.0,14.0,115.0,2.0,6.9
Jamison,Crowder,WR,WAS,2024.0,34.1,999.0,32.0,False,4.0,6.0,0.0,0.0,0.0,0.0,0.0,0.0,0.0,0.0,12.0,18.0,101.0,2.0,5.68
Hassan,Haskins,RB,LAC,2024.0,33.3,999.0,25.0,False,4.0,12.0,0.0,0.0,0.0,0.0,0.0,35.0,94.0,2.0,3.0,4.0,49.0,1.0,2.77
Mecole,Hardman,WR,KC,2024.0,33.2,999.0,27.0,False,2.0,7.0,0.0,0.0,0.0,0.0,0.0,5.0,62.0,1.0,12.0,14.0,90.0,0.0,4.74
Mo,Alie-Cox,TE,IND,2024.0,32.7,999.0,32.0,False,0.0,12.0,0.0,0.0,0.0,0.0,0.0,0.0,0.0,0.0,12.0,22.0,147.0,1.0,2.73
D'Onta,Foreman,RB,CLE,2024.0,32.6,999.0,29.0,False,3.0,10.0,0.0,0.0,0.0,0.0,0.0,71.0,232.0,0.0,6.0,8.0,54.0,0.0,3.26
Jonathan,Mingo,WR,DAL,2024.0,32.2,999.0,24.0,False,2.0,14.0,0.0,0.0,0.0,0.0,0.0,2.0,5.0,0.0,17.0,42.0,167.0,0.0,2.3
Kylen,Granson,TE,IND,2024.0,32.2,999.0,27.0,False,4.0,14.0,0.0,0.0,0.0,0.0,0.0,0.0,0.0,0.0,14.0,31.0,182.0,0.0,2.3
KhaDarel,Hodge,WR,ATL,2024.0,32.1,999.0,30.0,False,0.0,6.0,0.0,0.0,0.0,0.0,0.0,0.0,0.0,0.0,7.0,12.0,131.0,1.0,5.35
Dante,Pettis,WR,NO,2024.0,32.0,999.0,30.0,False,2.0,8.0,0.0,0.0,0.0,0.0,0.0,0.0,0.0,0.0,12.0,28.0,120.0,1.0,4.0
Malik,Heath,WR,GB,2024.0,31.7,999.0,25.0,False,0.0,6.0,0.0,0.0,0.0,0.0,0.0,0.0,0.0,0.0,10.0,17.0,97.0,2.0,5.28
Chris,Rodriguez,RB,WAS,2024.0,31.5,999.0,26.0,False,6.0,6.0,0.0,0.0,0.0,0.0,0.0,35.0,173.0,2.0,1.0,1.0,12.0,0.0,5.25
Joshua,Dobbs,QB,SF,2024.0,30.84,999.0,30.0,False,4.0,2.0,32.0,47.0,361.0,2.0,2.0,9.0,24.0,2.0,0.0,0.0,0.0,0.0,15.42
Patrick,Taylor,RB,SF,2024.0,29.8,999.0,27.0,False,0.0,5.0,0.0,0.0,0.0,0.0,0.0,39.0,183.0,1.0,3.0,11.0,25.0,0.0,5.96
Jake,Bobo,WR,SEA,2024.0,29.7,999.0,27.0,False,0.0,11.0,0.0,0.0,0.0,0.0,0.0,0.0,0.0,0.0,13.0,17.0,107.0,1.0,2.7
Will,Shipley,RB,PHI,2024.0,29.4,999.0,23.0,True,4.0,6.0,0.0,0.0,0.0,0.0,0.0,34.0,159.0,1.0,4.0,4.0,35.0,0.0,4.9
Kendre,Miller,RB,NO,2024.0,29.099998,999.0,23.0,False,3.0,6.0,0.0,0.0,0.0,0.0,0.0,39.0,148.0,1.0,5.0,8.0,33.0,0.0,4.85
Tanner,McKee,QB,PHI,2024.0,28.82,999.0,25.0,False,6.0,2.0,30.0,45.0,323.0,4.0,0.0,5.0,-1.0,0.0,0.0,0.0,0.0,0.0,14.41
JaMycal,Hasty,RB,NE,2024.0,28.8,999.0,29.0,True,0.0,9.0,0.0,0.0,0.0,0.0,0.0,20.0,69.0,0.0,10.0,12.0,59.0,1.0,3.2
Jeremy,Ruckert,TE,NYJ,2024.0,28.5,999.0,25.0,False,3.0,13.0,0.0,0.0,0.0,0.0,0.0,0.0,0.0,0.0,18.0,28.0,105.0,0.0,2.19
Charlie,Kolar,TE,BAL,2024.0,28.3,999.0,26.0,False,4.0,7.0,0.0,0.0,0.0,0.0,0.0,1.0,2.0,0.0,9.0,11.0,131.0,1.0,4.04
Sincere,McCormick,RB,LV,2024.0,27.2,999.0,25.0,False,0.0,4.0,0.0,0.0,0.0,0.0,0.0,39.0,183.0,0.0,6.0,7.0,29.0,0.0,6.8
Kevin,Austin,WR,NO,2024.0,27.0,999.0,25.0,False,0.0,8.0,0.0,0.0,0.0,0.0,0.0,1.0,9.0,0.0,11.0,22.0,151.0,0.0,3.38
Bub,Means,WR,NO,2024.0,26.8,999.0,24.0,True,5.0,4.0,0.0,0.0,0.0,0.0,0.0,0.0,0.0,0.0,9.0,15.0,118.0,1.0,6.7
Eric,Saubert,TE,SF,2024.0,26.699999,999.0,31.0,False,5.0,8.0,0.0,0.0,0.0,0.0,0.0,0.0,0.0,0.0,11.0,14.0,97.0,1.0,3.34
Daniel,Bellinger,TE,NYG,2024.0,26.5,999.0,25.0,False,4.0,7.0,0.0,0.0,0.0,0.0,0.0,0.0,0.0,0.0,14.0,17.0,125.0,0.0,3.79
Jordan,Mims,RB,NO,2024.0,26.1,999.0,26.0,False,0.0,7.0,0.0,0.0,0.0,0.0,0.0,20.0,70.0,0.0,12.0,18.0,71.0,0.0,3.73
Bo,Melton,WR,GB,2024.0,25.1,999.0,26.0,False,7.0,12.0,0.0,0.0,0.0,0.0,0.0,8.0,54.0,0.0,9.0,20.0,107.0,0.0,2.09
Trent,Sherfield,WR,MIN,2024.0,25.1,999.0,29.0,False,0.0,9.0,0.0,0.0,0.0,0.0,0.0,0.0,0.0,0.0,10.0,12.0,91.0,1.0,2.79
Kenny,Pickett,QB,PHI,2024.0,24.44,999.0,27.0,False,1.0,7.0,25.0,43.0,291.0,2.0,1.0,14.0,8.0,1.0,0.0,0.0,0.0,0.0,3.49
Carson,Steele,RB,KC,2024.0,23.9,999.0,23.0,True,0.0,12.0,0.0,0.0,0.0,0.0,0.0,56.0,183.0,0.0,7.0,11.0,26.0,0.0,1.99
Mason,Tipton,WR,NO,2024.0,23.9,999.0,25.0,True,0.0,9.0,0.0,0.0,0.0,0.0,0.0,0.0,0.0,0.0,14.0,26.0,99.0,0.0,2.66
Kenny,McIntosh,RB,SEA,2024.0,22.4,999.0,25.0,False,7.0,7.0,0.0,0.0,0.0,0.0,0.0,31.0,172.0,0.0,3.0,4.0,22.0,0.0,3.2
Julian,Hill,TE,MIA,2024.0,22.0,999.0,25.0,False,0.0,11.0,0.0,0.0,0.0,0.0,0.0,0.0,0.0,0.0,12.0,19.0,100.0,0.0,2.0
Desmond,Ridder,QB,LV,2024.0,21.92,999.0,26.0,False,3.0,5.0,52.0,85.0,458.0,2.0,2.0,9.0,36.0,0.0,0.0,0.0,0.0,0.0,4.38
Rakim,Jarrett,WR,TB,2024.0,21.4,999.0,24.0,False,0.0,6.0,0.0,0.0,0.0,0.0,0.0,0.0,0.0,0.0,9.0,11.0,124.0,0.0,3.57
Hunter,Long,TE,LA,2024.0,21.3,999.0,27.0,False,3.0,8.0,0.0,0.0,0.0,0.0,0.0,0.0,0.0,0.0,8.0,11.0,73.0,0.0,2.66
DeeJay,Dallas,RB,ARI,2024.0,21.0,999.0,27.0,False,4.0,7.0,0.0,0.0,0.0,0.0,0.0,9.0,49.0,0.0,3.0,3.0,11.0,1.0,3.0
Craig,Reynolds,RB,DET,2024.0,20.9,999.0,29.0,False,0.0,7.0,0.0,0.0,0.0,0.0,0.0,31.0,139.0,0.0,3.0,5.0,40.0,0.0,2.99
John,Bates,TE,WAS,2024.0,20.5,999.0,28.0,False,4.0,13.0,0.0,0.0,0.0,0.0,0.0,0.0,0.0,0.0,11.0,18.0,115.0,0.0,1.58
Tyrod,Taylor,QB,NYJ,2024.0,20.06,999.0,36.0,False,6.0,2.0,17.0,22.0,119.0,3.0,0.0,3.0,13.0,0.0,0.0,0.0,0.0,0.0,10.03
Jimmy,Garoppolo,QB,LA,2024.0,19.86,999.0,34.0,False,2.0,1.0,27.0,41.0,334.0,2.0,1.0,2.0,5.0,0.0,0.0,0.0,0.0,0.0,19.86
Eric,Gray,RB,NYG,2024.0,19.3,999.0,26.0,False,5.0,10.0,0.0,0.0,0.0,0.0,0.0,14.0,31.0,0.0,10.0,11.0,82.0,0.0,1.93
Joe,Milton,QB,NE,2024.0,19.24,999.0,25.0,True,6.0,1.0,22.0,29.0,241.0,1.0,0.0,10.0,16.0,1.0,0.0,0.0,0.0,0.0,19.24
Devin,Duvernay,WR,JAX,2024.0,19.2,999.0,28.0,False,3.0,10.0,0.0,0.0,0.0,0.0,0.0,4.0,3.0,0.0,11.0,16.0,79.0,0.0,1.92
Ashton,Dulin,WR,IND,2024.0,19.199999,999.0,28.0,False,0.0,9.0,0.0,0.0,0.0,0.0,0.0,5.0,45.0,0.0,2.0,8.0,67.0,1.0,2.13
Ronnie,Rivers,RB,LA,2024.0,19.1,999.0,26.0,False,0.0,6.0,0.0,0.0,0.0,0.0,0.0,25.0,107.0,0.0,5.0,6.0,34.0,0.0,3.18
K.J.,Osborn,WR,WAS,2024.0,18.7,999.0,28.0,False,5.0,6.0,0.0,0.0,0.0,0.0,0.0,0.0,0.0,0.0,7.0,18.0,57.0,1.0,3.12
Luke,Farrell,TE,JAX,2024.0,18.699999,999.0,28.0,False,5.0,10.0,0.0,0.0,0.0,0.0,0.0,0.0,0.0,0.0,12.0,17.0,67.0,0.0,1.87
Davis,Allen,TE,LA,2024.0,18.2,999.0,24.0,False,5.0,7.0,0.0,0.0,0.0,0.0,0.0,0.0,0.0,0.0,7.0,15.0,52.0,1.0,2.6
Ryan,Flournoy,WR,DAL,2024.0,18.2,999.0,26.0,True,6.0,7.0,0.0,0.0,0.0,0.0,0.0,0.0,0.0,0.0,10.0,14.0,102.0,0.0,2.6
Brevyn,Spann-Ford,TE,DAL,2024.0,17.8,999.0,25.0,True,0.0,6.0,0.0,0.0,0.0,0.0,0.0,0.0,0.0,0.0,9.0,14.0,88.0,0.0,2.97
Ainias,Smith,WR,PHI,2024.0,17.699999,999.0,24.0,True,5.0,3.0,0.0,0.0,0.0,0.0,0.0,2.0,6.0,0.0,7.0,9.0,41.0,1.0,5.9
Harrison,Bryant,TE,LV,2024.0,17.6,999.0,27.0,False,4.0,5.0,0.0,0.0,0.0,0.0,0.0,0.0,0.0,0.0,9.0,12.0,86.0,0.0,3.52
Ben,Sinnott,TE,WAS,2024.0,17.1,999.0,23.0,True,2.0,5.0,0.0,0.0,0.0,0.0,0.0,0.0,0.0,0.0,6.0,6.0,51.0,1.0,3.42
Blake,Whiteheart,TE,CLE,2024.0,17.1,999.0,25.0,False,0.0,7.0,0.0,0.0,0.0,0.0,0.0,0.0,0.0,0.0,6.0,9.0,51.0,1.0,2.44
Simi,Fehoko,WR,LAC,2024.0,16.6,999.0,28.0,False,5.0,5.0,0.0,0.0,0.0,0.0,0.0,0.0,0.0,0.0,6.0,16.0,106.0,0.0,3.32
Zay,Jones,WR,ARI,2024.0,16.400002,999.0,30.0,False,2.0,6.0,0.0,0.0,0.0,0.0,0.0,0.0,0.0,0.0,8.0,11.0,84.0,0.0,2.73
Xavier,Gipson,WR,NYJ,2024.0,16.4,999.0,24.0,False,0.0,7.0,0.0,0.0,0.0,0.0,0.0,1.0,5.0,0.0,6.0,10.0,39.0,1.0,2.34
DeAndre,Carter,WR,CHI,2024.0,16.199999,999.0,32.0,False,0.0,5.0,0.0,0.0,0.0,0.0,0.0,0.0,0.0,0.0,9.0,14.0,72.0,0.0,3.24
Connor,Heyward,TE,PIT,2024.0,16.0,999.0,26.0,False,6.0,5.0,0.0,0.0,0.0,0.0,0.0,0.0,0.0,0.0,6.0,8.0,40.0,1.0,3.2
MyCole,Pruitt,TE,PIT,2024.0,16.0,999.0,33.0,False,5.0,6.0,0.0,0.0,0.0,0.0,0.0,0.0,0.0,0.0,6.0,10.0,40.0,1.0,2.67
Dorian,Thompson-Robinson,QB,CLE,2024.0,15.8,999.0,26.0,False,5.0,6.0,61.0,118.0,440.0,0.0,6.0,21.0,122.0,0.0,0.0,0.0,0.0,0.0,2.63
Kenny,Yeboah,TE,NYJ,2024.0,15.700001,999.0,27.0,False,0.0,6.0,0.0,0.0,0.0,0.0,0.0,0.0,0.0,0.0,5.0,8.0,47.0,1.0,2.62
Bryce,Oliver,WR,TEN,2024.0,15.5,999.0,25.0,True,0.0,5.0,0.0,0.0,0.0,0.0,0.0,0.0,0.0,0.0,6.0,9.0,95.0,0.0,3.1
Hayden,Hurst,TE,LAC,2024.0,15.3,999.0,32.0,False,1.0,7.0,0.0,0.0,0.0,0.0,0.0,0.0,0.0,0.0,8.0,13.0,73.0,0.0,2.19
DJ,Chark,WR,LAC,2024.0,15.1,999.0,29.0,True,2.0,5.0,0.0,0.0,0.0,0.0,0.0,0.0,0.0,0.0,5.0,14.0,41.0,1.0,3.02
Parris,Campbell,WR,PHI,2024.0,15.0,999.0,28.0,False,2.0,4.0,0.0,0.0,0.0,0.0,0.0,0.0,0.0,0.0,6.0,8.0,30.0,1.0,3.75
Mitchell,Trubisky,QB,BUF,2024.0,14.96,999.0,31.0,False,1.0,9.0,19.0,26.0,179.0,2.0,0.0,20.0,-2.0,0.0,0.0,0.0,0.0,0.0,1.66
Johnny,Wilson,WR,PHI,2024.0,14.8,999.0,24.0,True,6.0,10.0,0.0,0.0,0.0,0.0,0.0,0.0,0.0,0.0,5.0,16.0,38.0,1.0,1.48
Jalen,Reagor,WR,LAC,2024.0,14.7,999.0,26.0,False,1.0,7.0,0.0,0.0,0.0,0.0,0.0,3.0,-3.0,0.0,7.0,12.0,100.0,0.0,2.1
Jermaine,Burton,WR,CIN,2024.0,14.7,999.0,24.0,True,3.0,4.0,0.0,0.0,0.0,0.0,0.0,0.0,0.0,0.0,4.0,14.0,107.0,0.0,3.67
Laviska,Shenault,WR,LAC,2024.0,14.7,999.0,27.0,False,2.0,6.0,0.0,0.0,0.0,0.0,0.0,1.0,1.0,0.0,5.0,5.0,36.0,0.0,2.45
Quintin,Morris,TE,BUF,2024.0,14.6,999.0,26.0,False,0.0,5.0,0.0,0.0,0.0,0.0,0.0,0.0,0.0,0.0,5.0,8.0,36.0,1.0,2.92
Odell,Beckham,WR,MIA,2024.0,14.5,999.0,33.0,False,1.0,8.0,0.0,0.0,0.0,0.0,0.0,0.0,0.0,0.0,9.0,19.0,55.0,0.0,1.81
Durham,Smythe,TE,MIA,2024.0,14.299999,999.0,30.0,False,4.0,13.0,0.0,0.0,0.0,0.0,0.0,0.0,0.0,0.0,9.0,17.0,53.0,0.0,1.1
Jalin,Hyatt,WR,NYG,2024.0,14.2,999.0,24.0,False,3.0,10.0,0.0,0.0,0.0,0.0,0.0,0.0,0.0,0.0,8.0,19.0,62.0,0.0,1.42
Brandon,Powell,WR,MIN,2024.0,14.1,999.0,30.0,False,0.0,7.0,0.0,0.0,0.0,0.0,0.0,0.0,0.0,0.0,7.0,10.0,71.0,0.0,2.01
Tim,Boyle,QB,NYG,2024.0,13.940001,999.0,31.0,False,0.0,3.0,27.0,50.0,276.0,1.0,1.0,3.0,9.0,0.0,0.0,0.0,0.0,0.0,4.65
Tyrell,Shavers,WR,BUF,2024.0,13.9,999.0,26.0,False,0.0,1.0,0.0,0.0,0.0,0.0,0.0,0.0,0.0,0.0,1.0,1.0,69.0,1.0,13.9
Devin,Culp,TE,TB,2024.0,13.799999,999.0,25.0,True,7.0,2.0,0.0,0.0,0.0,0.0,0.0,0.0,0.0,0.0,5.0,6.0,88.0,0.0,6.9
River,Cracraft,WR,MIA,2024.0,13.6,999.0,31.0,False,0.0,4.0,0.0,0.0,0.0,0.0,0.0,0.0,0.0,0.0,7.0,9.0,66.0,0.0,3.4
Chris,Conley,WR,SF,2024.0,13.599999,999.0,33.0,False,3.0,7.0,0.0,0.0,0.0,0.0,0.0,0.0,0.0,0.0,6.0,12.0,76.0,0.0,1.94
Tommy,DeVito,QB,NYG,2024.0,13.4800005,999.0,27.0,False,0.0,2.0,31.0,44.0,257.0,0.0,0.0,8.0,32.0,0.0,0.0,0.0,0.0,0.0,6.74
Tucker,Fisk,TE,LAC,2024.0,13.4,999.0,26.0,False,0.0,8.0,0.0,0.0,0.0,0.0,0.0,0.0,0.0,0.0,8.0,9.0,54.0,0.0,1.67
Julius,Chestnut,RB,TEN,2024.0,13.3,999.0,25.0,False,0.0,7.0,0.0,0.0,0.0,0.0,0.0,22.0,102.0,0.0,2.0,3.0,11.0,0.0,1.9
Jake,Haener,QB,NO,2024.0,13.24,999.0,26.0,False,4.0,8.0,18.0,39.0,226.0,1.0,1.0,11.0,22.0,0.0,0.0,0.0,0.0,0.0,1.65
Trey,Lance,QB,DAL,2024.0,12.74,999.0,25.0,False,1.0,4.0,25.0,41.0,266.0,0.0,1.0,11.0,41.0,0.0,0.0,0.0,0.0,0.0,3.18
Jacob,Cowing,WR,SF,2024.0,12.7,999.0,24.0,True,4.0,3.0,0.0,0.0,0.0,0.0,0.0,1.0,7.0,0.0,4.0,6.0,80.0,0.0,4.23
Pharaoh,Brown,TE,SEA,2024.0,12.5,999.0,31.0,False,0.0,8.0,0.0,0.0,0.0,0.0,0.0,0.0,0.0,0.0,8.0,12.0,65.0,0.0,1.56
Chris,Manhertz,TE,NYG,2024.0,12.0,999.0,33.0,False,0.0,4.0,0.0,0.0,0.0,0.0,0.0,0.0,0.0,0.0,3.0,4.0,30.0,1.0,3.0
Ben,Skowronek,WR,PIT,2024.0,11.9,999.0,28.0,False,7.0,4.0,0.0,0.0,0.0,0.0,0.0,0.0,0.0,0.0,5.0,5.0,69.0,0.0,2.97
Tay,Martin,WR,TEN,2024.0,11.9,999.0,27.0,False,0.0,1.0,0.0,0.0,0.0,0.0,0.0,0.0,0.0,0.0,1.0,2.0,49.0,1.0,11.9
Deuce,Vaughn,RB,DAL,2024.0,11.8,999.0,24.0,False,6.0,5.0,0.0,0.0,0.0,0.0,0.0,17.0,70.0,0.0,3.0,5.0,18.0,0.0,2.36
Charlie,Woerner,TE,ATL,2024.0,11.6,999.0,28.0,False,6.0,8.0,0.0,0.0,0.0,0.0,0.0,0.0,0.0,0.0,7.0,12.0,46.0,0.0,1.45
Gerald,Everett,TE,CHI,2024.0,11.599999,999.0,31.0,False,2.0,9.0,0.0,0.0,0.0,0.0,0.0,0.0,0.0,0.0,8.0,13.0,36.0,0.0,1.29
Tony,Jones,RB,ARI,2024.0,11.5,999.0,28.0,False,0.0,1.0,0.0,0.0,0.0,0.0,0.0,4.0,55.0,1.0,0.0,0.0,0.0,0.0,11.5
Tony,Jones,RB,ARI,2024.0,11.5,999.0,33.0,False,0.0,1.0,0.0,0.0,0.0,0.0,0.0,4.0,55.0,1.0,0.0,0.0,0.0,0.0,11.5
Jeff,Wilson,RB,MIA,2024.0,10.599999,999.0,30.0,False,0.0,7.0,0.0,0.0,0.0,0.0,0.0,16.0,57.0,0.0,3.0,3.0,19.0,0.0,1.51
Britain,Covey,WR,PHI,2024.0,10.4,999.0,28.0,False,0.0,3.0,0.0,0.0,0.0,0.0,0.0,0.0,0.0,0.0,7.0,8.0,34.0,0.0,3.47
Tyler,Badie,RB,DEN,2024.0,10.2,999.0,25.0,False,6.0,4.0,0.0,0.0,0.0,0.0,0.0,13.0,94.0,0.0,3.0,3.0,-2.0,0.0,2.55
Peyton,Hendershot,TE,KC,2024.0,10.1,999.0,26.0,False,0.0,4.0,0.0,0.0,0.0,0.0,0.0,0.0,0.0,0.0,5.0,5.0,51.0,0.0,2.53
Clyde,Edwards-Helaire,RB,NO,2024.0,10.0,999.0,26.0,False,1.0,2.0,0.0,0.0,0.0,0.0,0.0,13.0,46.0,0.0,3.0,5.0,24.0,0.0,5.0
Kristian,Wilkerson,WR,LV,2024.0,9.8,999.0,28.0,False,0.0,1.0,0.0,0.0,0.0,0.0,0.0,0.0,0.0,0.0,2.0,3.0,18.0,1.0,9.8
Tip,Reiman,TE,ARI,2024.0,9.7,999.0,24.0,True,3.0,5.0,0.0,0.0,0.0,0.0,0.0,0.0,0.0,0.0,6.0,7.0,37.0,0.0,1.94
Davis,Mills,QB,HOU,2024.0,9.58,999.0,27.0,False,3.0,4.0,20.0,36.0,212.0,0.0,0.0,3.0,11.0,0.0,0.0,0.0,0.0,0.0,2.39
Anthony,Miller,WR,BAL,2024.0,9.4,999.0,31.0,False,2.0,3.0,0.0,0.0,0.0,0.0,0.0,0.0,0.0,0.0,5.0,5.0,44.0,0.0,3.13
Devontez,Walker,WR,BAL,2024.0,9.1,999.0,24.0,True,4.0,2.0,0.0,0.0,0.0,0.0,0.0,0.0,0.0,0.0,1.0,3.0,21.0,1.0,4.55
Tyquan,Thornton,WR,KC,2024.0,8.7,999.0,25.0,False,2.0,4.0,0.0,0.0,0.0,0.0,0.0,0.0,0.0,0.0,4.0,8.0,47.0,0.0,2.17
Ben,Sims,TE,GB,2024.0,8.200001,999.0,25.0,False,0.0,4.0,0.0,0.0,0.0,0.0,0.0,0.0,0.0,0.0,4.0,5.0,42.0,0.0,2.05
Sione,Vaki,RB,DET,2024.0,8.1,999.0,24.0,True,4.0,4.0,0.0,0.0,0.0,0.0,0.0,6.0,14.0,0.0,3.0,3.0,37.0,0.0,2.03
Raheem,Blackshear,RB,CAR,2024.0,8.0,999.0,27.0,False,0.0,3.0,0.0,0.0,0.0,0.0,0.0,15.0,80.0,0.0,0.0,0.0,0.0,0.0,2.67
Skylar,Thompson,QB,MIA,2024.0,7.88,999.0,28.0,False,7.0,2.0,21.0,33.0,187.0,0.0,0.0,1.0,4.0,0.0,0.0,0.0,0.0,0.0,3.94
Cam,Grandy,TE,CIN,2024.0,7.8,999.0,26.0,True,0.0,4.0,0.0,0.0,0.0,0.0,0.0,0.0,0.0,0.0,5.0,5.0,28.0,0.0,1.95
Greg,Dulcich,TE,NYG,2024.0,7.7999997,999.0,25.0,False,3.0,3.0,0.0,0.0,0.0,0.0,0.0,0.0,0.0,0.0,5.0,12.0,28.0,0.0,2.6
E.J.,Jenkins,TE,PHI,2024.0,7.7,999.0,27.0,False,0.0,2.0,0.0,0.0,0.0,0.0,0.0,0.0,0.0,0.0,1.0,2.0,7.0,1.0,3.85
Charlie,Jones,WR,CIN,2024.0,7.5,999.0,27.0,False,4.0,2.0,0.0,0.0,0.0,0.0,0.0,0.0,0.0,0.0,1.0,1.0,5.0,0.0,3.75
Treylon,Burks,WR,TEN,2024.0,7.5,999.0,25.0,False,1.0,5.0,0.0,0.0,0.0,0.0,0.0,2.0,1.0,0.0,4.0,8.0,34.0,0.0,1.5
Dee,Eskridge,WR,MIA,2024.0,7.4,999.0,28.0,True,0.0,3.0,0.0,0.0,0.0,0.0,0.0,0.0,0.0,0.0,3.0,3.0,44.0,0.0,2.47
Malachi,Corley,WR,NYJ,2024.0,7.2,999.0,23.0,True,3.0,5.0,0.0,0.0,0.0,0.0,0.0,2.0,26.0,0.0,3.0,6.0,16.0,0.0,1.44
Terrace,Marshall,WR,LV,2024.0,7.1,999.0,25.0,False,2.0,5.0,0.0,0.0,0.0,0.0,0.0,0.0,0.0,0.0,3.0,6.0,41.0,0.0,1.42
Tim,Jones,WR,JAX,2024.0,7.1,999.0,27.0,False,0.0,3.0,0.0,0.0,0.0,0.0,0.0,0.0,0.0,0.0,3.0,5.0,41.0,0.0,2.37
Bailey,Zappe,QB,CLE,2024.0,7.0,999.0,26.0,False,4.0,1.0,16.0,31.0,170.0,1.0,2.0,2.0,2.0,0.0,0.0,0.0,0.0,0.0,7.0
Will,Mallory,TE,IND,2024.0,6.9,999.0,26.0,False,5.0,7.0,0.0,0.0,0.0,0.0,0.0,0.0,0.0,0.0,4.0,8.0,29.0,0.0,0.99
Keaton,Mitchell,RB,BAL,2024.0,6.8,999.0,23.0,False,0.0,2.0,0.0,0.0,0.0,0.0,0.0,15.0,30.0,0.0,1.0,1.0,28.0,0.0,3.4
Nikko,Remigio,WR,KC,2024.0,6.8,999.0,26.0,False,0.0,1.0,0.0,0.0,0.0,0.0,0.0,0.0,0.0,0.0,2.0,6.0,48.0,0.0,6.8
Deven,Thompkins,WR,CAR,2024.0,6.7000003,999.0,25.0,False,0.0,4.0,0.0,0.0,0.0,0.0,0.0,2.0,7.0,0.0,4.0,4.0,20.0,0.0,1.68
Dan,Chisena,WR,CAR,2024.0,6.7,999.0,28.0,False,0.0,3.0,0.0,0.0,0.0,0.0,0.0,0.0,0.0,0.0,3.0,4.0,37.0,0.0,2.23
Cody,White,WR,SEA,2024.0,6.4,999.0,26.0,False,0.0,1.0,0.0,0.0,0.0,0.0,0.0,0.0,0.0,0.0,2.0,3.0,44.0,0.0,6.4
J.J.,Taylor,RB,HOU,2024.0,6.3999996,999.0,27.0,False,0.0,3.0,0.0,0.0,0.0,0.0,0.0,10.0,44.0,0.0,2.0,3.0,0.0,0.0,2.13
Travis,Homer,RB,CHI,2024.0,6.3999996,999.0,27.0,False,6.0,4.0,0.0,0.0,0.0,0.0,0.0,6.0,23.0,0.0,3.0,3.0,11.0,0.0,1.6
Brandon,Allen,QB,SF,2024.0,6.3599997,999.0,33.0,False,6.0,3.0,17.0,30.0,199.0,1.0,2.0,3.0,4.0,0.0,0.0,0.0,0.0,0.0,2.12
Xavier,Smith,WR,LA,2024.0,6.2,999.0,28.0,False,0.0,3.0,0.0,0.0,0.0,0.0,0.0,4.0,36.0,0.0,2.0,2.0,6.0,0.0,2.07
Alex,Bachman,WR,LV,2024.0,6.1,999.0,29.0,False,0.0,1.0,0.0,0.0,0.0,0.0,0.0,0.0,0.0,0.0,3.0,3.0,31.0,0.0,6.1
Allen,Robinson,WR,DET,2024.0,6.0,999.0,32.0,False,2.0,6.0,0.0,0.0,0.0,0.0,0.0,0.0,0.0,0.0,3.0,7.0,30.0,0.0,1.0
Austin,Trammell,WR,JAX,2024.0,6.0,999.0,27.0,False,0.0,1.0,0.0,0.0,0.0,0.0,0.0,0.0,0.0,0.0,2.0,3.0,40.0,0.0,6.0
Bryce,Ford-Wheaton,WR,NYG,2024.0,6.0,999.0,25.0,False,0.0,1.0,0.0,0.0,0.0,0.0,0.0,0.0,0.0,0.0,0.0,0.0,0.0,0.0,6.0
Ihmir,Smith-Marsette,WR,NYG,2024.0,6.0,999.0,26.0,False,5.0,1.0,0.0,0.0,0.0,0.0,0.0,0.0,0.0,0.0,0.0,0.0,0.0,0.0,6.0
Kene,Nwangwu,RB,NYJ,2024.0,6.0,999.0,27.0,False,4.0,1.0,0.0,0.0,0.0,0.0,0.0,0.0,0.0,0.0,0.0,0.0,0.0,0.0,6.0
Mike,Boone,RB,CAR,2024.0,5.9,999.0,30.0,False,0.0,5.0,0.0,0.0,0.0,0.0,0.0,13.0,51.0,0.0,1.0,3.0,-2.0,0.0,1.18
David,Bell,WR,CLE,2024.0,5.7,999.0,24.0,False,3.0,1.0,0.0,0.0,0.0,0.0,0.0,0.0,0.0,0.0,3.0,3.0,27.0,0.0,5.7
Jamari,Thrash,WR,CLE,2024.0,5.2,999.0,24.0,True,5.0,6.0,0.0,0.0,0.0,0.0,0.0,0.0,0.0,0.0,3.0,7.0,22.0,0.0,0.87
Dallin,Holker,TE,NO,2024.0,5.1,999.0,25.0,True,0.0,2.0,0.0,0.0,0.0,0.0,0.0,0.0,0.0,0.0,3.0,4.0,21.0,0.0,2.55
James,Proche,WR,CLE,2024.0,5.1,999.0,29.0,False,6.0,2.0,0.0,0.0,0.0,0.0,0.0,0.0,0.0,0.0,3.0,3.0,21.0,0.0,2.55
Jacob,Kibodi,RB,CLE,2024.0,4.9,999.0,27.0,True,0.0,1.0,0.0,0.0,0.0,0.0,0.0,5.0,24.0,0.0,1.0,3.0,15.0,0.0,4.9
Carson,Wentz,QB,KC,2024.0,4.7200003,999.0,32.0,False,1.0,2.0,12.0,19.0,118.0,0.0,0.0,3.0,0.0,0.0,0.0,0.0,0.0,0.0,2.36
Tanner,Conner,WR,MIA,2024.0,4.6,999.0,27.0,False,0.0,2.0,0.0,0.0,0.0,0.0,0.0,0.0,0.0,0.0,3.0,4.0,16.0,0.0,2.3
Trenton,Irwin,WR,CAR,2024.0,4.5,999.0,29.0,False,0.0,4.0,0.0,0.0,0.0,0.0,0.0,0.0,0.0,0.0,3.0,10.0,15.0,0.0,1.12
Josiah,Deguara,TE,JAX,2024.0,4.4,999.0,28.0,False,3.0,3.0,0.0,0.0,0.0,0.0,0.0,0.0,0.0,0.0,3.0,3.0,14.0,0.0,1.47
Jermar,Jefferson,RB,DET,2024.0,4.2,999.0,25.0,False,7.0,2.0,0.0,0.0,0.0,0.0,0.0,6.0,22.0,0.0,1.0,1.0,10.0,0.0,2.1
Ronnie,Bell,WR,SF,2024.0,4.2,999.0,25.0,False,7.0,3.0,0.0,0.0,0.0,0.0,0.0,0.0,0.0,0.0,2.0,6.0,22.0,0.0,1.4
Dalvin,Cook,RB,DAL,2024.0,4.0,999.0,30.0,False,2.0,2.0,0.0,0.0,0.0,0.0,0.0,8.0,20.0,0.0,1.0,1.0,10.0,0.0,2.0
Jaheim,Bell,TE,NE,2024.0,4.0,999.0,24.0,True,7.0,3.0,0.0,0.0,0.0,0.0,0.0,0.0,0.0,0.0,2.0,3.0,20.0,0.0,1.33
Ian,Thomas,TE,CAR,2024.0,3.7,999.0,29.0,False,4.0,3.0,0.0,0.0,0.0,0.0,0.0,0.0,0.0,0.0,3.0,6.0,7.0,0.0,1.23
Mason,Kinsey,WR,TEN,2024.0,3.6999998,999.0,27.0,False,0.0,2.0,0.0,0.0,0.0,0.0,0.0,0.0,0.0,0.0,2.0,2.0,17.0,0.0,1.85
Anthony,Gould,WR,IND,2024.0,3.3,999.0,24.0,True,5.0,1.0,0.0,0.0,0.0,0.0,0.0,0.0,0.0,0.0,1.0,1.0,23.0,0.0,3.3
Blake,Watson,RB,DEN,2024.0,3.3,999.0,26.0,True,0.0,1.0,0.0,0.0,0.0,0.0,0.0,4.0,10.0,0.0,1.0,2.0,13.0,0.0,3.3
Terrell,Jennings,RB,NE,2024.0,3.3,999.0,24.0,True,0.0,2.0,0.0,0.0,0.0,0.0,0.0,13.0,33.0,0.0,0.0,1.0,0.0,0.0,1.65
Isaiah,Hodgins,WR,NYG,2024.0,3.2,999.0,27.0,False,6.0,2.0,0.0,0.0,0.0,0.0,0.0,0.0,0.0,0.0,2.0,2.0,12.0,0.0,1.6
Jase,McClellan,RB,ATL,2024.0,3.2,999.0,23.0,True,6.0,2.0,0.0,0.0,0.0,0.0,0.0,13.0,32.0,0.0,0.0,0.0,0.0,0.0,1.6
Shane,Zylstra,TE,DET,2024.0,3.2,999.0,29.0,False,0.0,1.0,0.0,0.0,0.0,0.0,0.0,0.0,0.0,0.0,1.0,1.0,22.0,0.0,3.2
Taylor,Heinicke,QB,LAC,2024.0,3.1200001,999.0,32.0,False,0.0,4.0,3.0,5.0,28.0,0.0,0.0,2.0,20.0,0.0,0.0,0.0,0.0,0.0,0.78
Grant,DuBose,WR,MIA,2024.0,3.1,999.0,24.0,False,0.0,2.0,0.0,0.0,0.0,0.0,0.0,0.0,0.0,0.0,2.0,4.0,11.0,0.0,1.55
Rasheen,Ali,RB,BAL,2024.0,3.1,999.0,24.0,True,5.0,4.0,0.0,0.0,0.0,0.0,0.0,10.0,31.0,0.0,0.0,2.0,0.0,0.0,0.77
Jack,Stoll,TE,MIA,2024.0,3.0,999.0,27.0,False,0.0,2.0,0.0,0.0,0.0,0.0,0.0,0.0,0.0,0.0,2.0,3.0,10.0,0.0,1.5
Eric,Tomlinson,TE,LAC,2024.0,2.9,999.0,33.0,False,0.0,4.0,0.0,0.0,0.0,0.0,0.0,0.0,0.0,0.0,2.0,4.0,9.0,0.0,0.73
Steven,Sims,WR,BAL,2024.0,2.9,999.0,28.0,False,0.0,3.0,0.0,0.0,0.0,0.0,0.0,2.0,15.0,0.0,1.0,1.0,4.0,0.0,0.97
Velus,Jones,RB,CAR,2024.0,2.9,999.0,28.0,False,3.0,2.0,0.0,0.0,0.0,0.0,0.0,3.0,11.0,0.0,1.0,1.0,8.0,0.0,1.45
Chris,Blair,WR,ATL,2024.0,2.7,999.0,28.0,False,0.0,2.0,0.0,0.0,0.0,0.0,0.0,0.0,0.0,0.0,1.0,2.0,17.0,0.0,1.35
Brevin,Jordan,TE,HOU,2024.0,2.6999998,999.0,25.0,False,5.0,2.0,0.0,0.0,0.0,0.0,0.0,0.0,0.0,0.0,2.0,3.0,7.0,0.0,1.35
Hendon,Hooker,QB,DET,2024.0,2.68,999.0,27.0,False,3.0,3.0,6.0,9.0,62.0,0.0,0.0,5.0,2.0,0.0,0.0,0.0,0.0,0.0,0.89
Isaiah,Williams,WR,CIN,2024.0,2.6,999.0,24.0,False,0.0,1.0,0.0,0.0,0.0,0.0,0.0,0.0,0.0,0.0,2.0,3.0,6.0,0.0,2.6
Casey,Washington,WR,ATL,2024.0,2.4,999.0,24.0,True,6.0,2.0,0.0,0.0,0.0,0.0,0.0,0.0,0.0,0.0,1.0,2.0,14.0,0.0,1.2
Feleipe,Franks,TE,CAR,2024.0,2.2,999.0,27.0,False,0.0,3.0,0.0,0.0,0.0,0.0,0.0,0.0,0.0,0.0,1.0,3.0,12.0,0.0,0.73
Javon,Baker,WR,NE,2024.0,2.2,999.0,23.0,True,4.0,4.0,0.0,0.0,0.0,0.0,0.0,0.0,0.0,0.0,1.0,4.0,12.0,0.0,0.55
Jonathan,Ward,RB,PIT,2024.0,2.1999998,999.0,28.0,False,0.0,2.0,0.0,0.0,0.0,0.0,0.0,5.0,22.0,0.0,0.0,0.0,0.0,0.0,1.1
Trent,Taylor,WR,SF,2024.0,2.1,999.0,31.0,False,5.0,1.0,0.0,0.0,0.0,0.0,0.0,0.0,0.0,0.0,1.0,1.0,11.0,0.0,2.1
Myles,Gaskin,RB,JAX,2024.0,2.0,999.0,28.0,False,7.0,2.0,0.0,0.0,0.0,0.0,0.0,3.0,-1.0,0.0,1.0,1.0,11.0,0.0,1.0
Brandon,Johnson,WR,PIT,2024.0,1.9,999.0,32.0,False,5.0,1.0,0.0,0.0,0.0,0.0,0.0,0.0,0.0,0.0,1.0,1.0,9.0,0.0,1.9
Brandon,Johnson,WR,PIT,2024.0,1.9,999.0,27.0,False,5.0,1.0,0.0,0.0,0.0,0.0,0.0,0.0,0.0,0.0,1.0,1.0,9.0,0.0,1.9
Cody,Schrader,RB,LA,2024.0,1.9,999.0,26.0,True,0.0,1.0,0.0,0.0,0.0,0.0,0.0,1.0,3.0,0.0,1.0,1.0,6.0,0.0,1.9
George,Holani,RB,SEA,2024.0,1.9,999.0,25.0,True,0.0,2.0,0.0,0.0,0.0,0.0,0.0,3.0,10.0,0.0,1.0,1.0,-1.0,0.0,0.95
Kendric,Pryor,WR,CIN,2024.0,1.9,999.0,27.0,False,0.0,1.0,0.0,0.0,0.0,0.0,0.0,0.0,0.0,0.0,1.0,1.0,9.0,0.0,1.9
Chris,Collier,RB,LV,2024.0,1.8000001,999.0,25.0,True,0.0,2.0,0.0,0.0,0.0,0.0,0.0,5.0,12.0,0.0,1.0,2.0,-4.0,0.0,0.9
Geoff,Swaim,TE,CLE,2024.0,1.7,999.0,32.0,False,7.0,1.0,0.0,0.0,0.0,0.0,0.0,0.0,0.0,0.0,1.0,1.0,7.0,0.0,1.7
Jared,Wiley,TE,KC,2024.0,1.7,999.0,25.0,True,4.0,1.0,0.0,0.0,0.0,0.0,0.0,0.0,0.0,0.0,1.0,1.0,7.0,0.0,1.7
Ramel,Keyton,WR,LV,2024.0,1.7,999.0,25.0,True,0.0,2.0,0.0,0.0,0.0,0.0,0.0,0.0,0.0,0.0,1.0,3.0,7.0,0.0,0.85
Aaron,Shampklin,RB,PIT,2024.0,1.6999999,999.0,26.0,False,0.0,3.0,0.0,0.0,0.0,0.0,0.0,6.0,17.0,0.0,0.0,0.0,0.0,0.0,0.57
Collin,Johnson,WR,CHI,2024.0,1.6,999.0,28.0,False,5.0,2.0,0.0,0.0,0.0,0.0,0.0,0.0,0.0,0.0,1.0,2.0,6.0,0.0,0.8
David,Martin-Robinson,TE,TEN,2024.0,1.6,999.0,25.0,True,0.0,2.0,0.0,0.0,0.0,0.0,0.0,0.0,0.0,0.0,1.0,2.0,6.0,0.0,0.8
Jaelon,Darden,WR,SEA,2024.0,1.6,999.0,26.0,False,4.0,1.0,0.0,0.0,0.0,0.0,0.0,0.0,0.0,0.0,1.0,1.0,6.0,0.0,1.6
John,Ross,WR,PHI,2024.0,1.6,999.0,29.0,False,1.0,1.0,0.0,0.0,0.0,0.0,0.0,0.0,0.0,0.0,1.0,2.0,6.0,0.0,1.6
Robbie,Chosen,WR,MIA,2024.0,1.5,999.0,32.0,False,0.0,1.0,0.0,0.0,0.0,0.0,0.0,0.0,0.0,0.0,1.0,4.0,5.0,0.0,1.5
Ross,Dwelley,TE,ATL,2024.0,1.5,999.0,30.0,False,0.0,1.0,0.0,0.0,0.0,0.0,0.0,0.0,0.0,0.0,1.0,1.0,5.0,0.0,1.5
Tyler,Scott,WR,CHI,2024.0,1.5,999.0,24.0,False,4.0,1.0,0.0,0.0,0.0,0.0,0.0,0.0,0.0,0.0,1.0,1.0,5.0,0.0,1.5
Zach,Davidson,TE,BUF,2024.0,1.5,999.0,27.0,False,5.0,2.0,0.0,0.0,0.0,0.0,0.0,0.0,0.0,0.0,1.0,2.0,5.0,0.0,0.75
Nick,Mullens,QB,MIN,2024.0,1.3199999,999.0,30.0,False,0.0,4.0,2.0,2.0,38.0,0.0,0.0,3.0,-2.0,0.0,0.0,0.0,0.0,0.0,0.33
Jha'Quan,Jackson,WR,TEN,2024.0,1.3,999.0,25.0,True,6.0,2.0,0.0,0.0,0.0,0.0,0.0,1.0,-5.0,0.0,1.0,3.0,8.0,0.0,0.65
Irv,Smith,TE,HOU,2024.0,1.2,999.0,27.0,False,2.0,1.0,0.0,0.0,0.0,0.0,0.0,0.0,0.0,0.0,1.0,1.0,2.0,0.0,1.2
John,FitzPatrick,TE,GB,2024.0,1.2,999.0,25.0,False,6.0,1.0,0.0,0.0,0.0,0.0,0.0,0.0,0.0,0.0,1.0,1.0,2.0,0.0,1.2
Marcedes,Lewis,TE,CHI,2024.0,1.2,999.0,41.0,False,1.0,1.0,0.0,0.0,0.0,0.0,0.0,0.0,0.0,0.0,1.0,1.0,2.0,0.0,1.2
Mike,White,QB,BUF,2024.0,1.12,999.0,30.0,False,5.0,1.0,3.0,11.0,28.0,0.0,0.0,0.0,0.0,0.0,0.0,0.0,0.0,0.0,1.12
Kameron,Johnson,WR,TB,2024.0,1.1,999.0,23.0,True,0.0,3.0,0.0,0.0,0.0,0.0,0.0,2.0,11.0,0.0,0.0,1.0,0.0,0.0,0.37
Tyreik,McAllister,RB,LV,2024.0,1.1,999.0,27.0,False,0.0,1.0,0.0,0.0,0.0,0.0,0.0,2.0,11.0,0.0,0.0,0.0,0.0,0.0,1.1
Brycen,Tremayne,WR,WAS,2024.0,0.8,999.0,26.0,False,0.0,1.0,0.0,0.0,0.0,0.0,0.0,0.0,0.0,0.0,1.0,1.0,-2.0,0.0,0.8
Josh,Johnson,QB,BAL,2024.0,0.78,999.0,39.0,False,5.0,4.0,2.0,3.0,17.0,0.0,0.0,4.0,1.0,0.0,0.0,0.0,0.0,0.0,0.19
Josh,Johnson,QB,BAL,2024.0,0.78,999.0,27.0,False,5.0,4.0,2.0,3.0,17.0,0.0,0.0,4.0,1.0,0.0,0.0,0.0,0.0,0.0,0.19
Josh,Johnson,QB,BAL,2024.0,0.78,999.0,26.0,False,5.0,4.0,2.0,3.0,17.0,0.0,0.0,4.0,1.0,0.0,0.0,0.0,0.0,0.0,0.19
Kyle,Allen,QB,PIT,2024.0,0.76,999.0,29.0,False,0.0,1.0,1.0,1.0,19.0,0.0,0.0,0.0,0.0,0.0,0.0,0.0,0.0,0.0,0.76
Reggie,Gilliam,RB,BUF,2024.0,0.70000005,999.0,28.0,False,0.0,2.0,0.0,0.0,0.0,0.0,0.0,3.0,7.0,0.0,0.0,0.0,0.0,0.0,0.35
Tyrion,Davis-Price,RB,PHI,2024.0,0.7,999.0,25.0,False,3.0,1.0,0.0,0.0,0.0,0.0,0.0,3.0,7.0,0.0,0.0,0.0,0.0,0.0,0.7
Chris,Oladokun,QB,KC,2024.0,0.5,999.0,28.0,False,7.0,1.0,0.0,0.0,0.0,0.0,0.0,1.0,5.0,0.0,0.0,0.0,0.0,0.0,0.5
Jarrett,Stidham,QB,DEN,2024.0,0.5,999.0,29.0,False,4.0,2.0,0.0,0.0,0.0,0.0,0.0,4.0,5.0,0.0,0.0,0.0,0.0,0.0,0.25
Ke'Shawn,Vaughn,RB,SF,2024.0,0.4,999.0,28.0,False,3.0,1.0,0.0,0.0,0.0,0.0,0.0,2.0,4.0,0.0,0.0,0.0,0.0,0.0,0.4
Darrynton,Evans,RB,CHI,2024.0,0.3,999.0,27.0,False,3.0,1.0,0.0,0.0,0.0,0.0,0.0,3.0,3.0,0.0,0.0,0.0,0.0,0.0,0.3
British,Brooks,RB,HOU,2024.0,0.2,999.0,26.0,True,0.0,1.0,0.0,0.0,0.0,0.0,0.0,1.0,2.0,0.0,0.0,0.0,0.0,0.0,0.2
Joshua,Kelley,RB,TEN,2024.0,0.2,999.0,28.0,False,4.0,1.0,0.0,0.0,0.0,0.0,0.0,1.0,2.0,0.0,0.0,0.0,0.0,0.0,0.2
Teddy,Bridgewater,QB,DET,2024.0,0.12,999.0,33.0,False,1.0,1.0,1.0,1.0,3.0,0.0,0.0,0.0,0.0,0.0,0.0,0.0,0.0,0.0,0.12
Andrew,Beck,RB,HOU,2024.0,0.0,999.0,29.0,False,0.0,2.0,0.0,0.0,0.0,0.0,0.0,0.0,0.0,0.0,0.0,2.0,0.0,0.0,0.0
Baylor,Cupp,TE,KC,2024.0,0.0,999.0,25.0,True,0.0,1.0,0.0,0.0,0.0,0.0,0.0,0.0,0.0,0.0,0.0,1.0,0.0,0.0,0.0
Braxton,Berrios,WR,MIA,2024.0,0.0,999.0,30.0,False,6.0,3.0,0.0,0.0,0.0,0.0,0.0,0.0,0.0,0.0,0.0,4.0,0.0,0.0,0.0
Brayden,Willis,TE,SF,2024.0,0.0,999.0,26.0,False,7.0,1.0,0.0,0.0,0.0,0.0,0.0,0.0,0.0,0.0,0.0,2.0,0.0,0.0,0.0
Brenden,Bates,TE,CLE,2024.0,0.0,999.0,26.0,True,0.0,1.0,0.0,0.0,0.0,0.0,0.0,0.0,0.0,0.0,0.0,1.0,0.0,0.0,0.0
Dareke,Young,WR,SEA,2024.0,0.0,999.0,26.0,False,7.0,1.0,0.0,0.0,0.0,0.0,0.0,0.0,0.0,0.0,0.0,1.0,0.0,0.0,0.0
Erik,Ezukanma,WR,MIA,2024.0,0.0,999.0,25.0,False,4.0,1.0,0.0,0.0,0.0,0.0,0.0,0.0,0.0,0.0,0.0,2.0,0.0,0.0,0.0
Irvin,Charles,WR,NYJ,2024.0,0.0,999.0,28.0,False,0.0,1.0,0.0,0.0,0.0,0.0,0.0,0.0,0.0,0.0,0.0,1.0,0.0,0.0,0.0
Jared,Wayne,WR,HOU,2024.0,0.0,999.0,25.0,False,0.0,1.0,0.0,0.0,0.0,0.0,0.0,0.0,0.0,0.0,0.0,2.0,0.0,0.0,0.0
Jordan,Matthews,TE,CAR,2024.0,0.0,999.0,33.0,False,2.0,1.0,0.0,0.0,0.0,0.0,0.0,0.0,0.0,0.0,0.0,1.0,0.0,0.0,0.0
Justyn,Ross,WR,KC,2024.0,0.0,999.0,25.0,False,0.0,1.0,0.0,0.0,0.0,0.0,0.0,0.0,0.0,0.0,0.0,1.0,0.0,0.0,0.0
Skyy,Moore,WR,KC,2024.0,0.0,999.0,25.0,False,2.0,2.0,0.0,0.0,0.0,0.0,0.0,0.0,0.0,0.0,0.0,3.0,0.0,0.0,0.0
Stephen,Sullivan,TE,CAR,2024.0,0.0,999.0,28.0,False,7.0,1.0,0.0,0.0,0.0,0.0,0.0,0.0,0.0,0.0,0.0,1.0,0.0,0.0,0.0
Tom,Kennedy,WR,DET,2024.0,0.0,999.0,29.0,False,0.0,1.0,0.0,0.0,0.0,0.0,0.0,0.0,0.0,0.0,0.0,1.0,0.0,0.0,0.0
Xavier,Weaver,WR,ARI,2024.0,0.0,999.0,25.0,True,0.0,2.0,0.0,0.0,0.0,0.0,0.0,0.0,0.0,0.0,0.0,2.0,0.0,0.0,0.0
Jermaine,Jackson,WR,NO,2024.0,-0.1,999.0,25.0,True,0.0,1.0,0.0,0.0,0.0,0.0,0.0,1.0,-1.0,0.0,0.0,0.0,0.0,0.0,-0.1
Jake,Browning,QB,CIN,2024.0,-0.2,999.0,29.0,False,0.0,2.0,0.0,0.0,0.0,0.0,0.0,2.0,-2.0,0.0,0.0,0.0,0.0,0.0,-0.1
Kyle,Trask,QB,TB,2024.0,-0.2,999.0,27.0,False,2.0,3.0,1.0,1.0,5.0,0.0,0.0,5.0,-4.0,0.0,0.0,0.0,0.0,0.0,-0.07
Tyson,Bagent,QB,CHI,2024.0,-0.26000002,999.0,25.0,False,0.0,4.0,2.0,2.0,11.0,0.0,0.0,6.0,-7.0,0.0,0.0,0.0,0.0,0.0,-0.07
Kadarius,Toney,WR,CLE,2024.0,-0.39999998,999.0,26.0,False,1.0,2.0,0.0,0.0,0.0,0.0,0.0,2.0,-4.0,0.0,0.0,1.0,0.0,0.0,-0.2
Sam,Howell,QB,SEA,2024.0,-0.84,999.0,25.0,False,5.0,1.0,5.0,14.0,24.0,0.0,1.0,1.0,2.0,0.0,0.0,0.0,0.0,0.0,-0.84
Dylan,Laube,RB,LV,2024.0,-2.0,999.0,25.0,True,6.0,1.0,0.0,0.0,0.0,0.0,0.0,1.0,0.0,0.0,0.0,0.0,0.0,0.0,-2.0
Clayton,Tune,QB,ARI,2024.0,-2.08,999.0,26.0,False,5.0,5.0,2.0,2.0,8.0,0.0,0.0,7.0,-4.0,0.0,0.0,0.0,0.0,0.0,-0.42
