first_name,last_name,pos_qb,pos_rb,pos_wr,pos_te,team_win_pct_weighted,fantasy_adp,age,is_rookie,nfl_draft_round,seasons_played,avg_games,avg_completions,avg_attempts,avg_passing_yards,avg_passing_tds,avg_interceptions,avg_carries,avg_rushing_yards,avg_rushing_tds,avg_receptions,avg_targets,avg_receiving_yards,avg_receiving_tds,avg_points_per_game
Christian,McCaffrey,0,1,0,0,0.661,1.4,29.0,0,1.0,5,14.53,0.27,0.67,9.07,0.27,0.0,232.87,1153.73,10.53,71.93,88.73,608.0,4.87,23.6
Breece,Hall,0,1,0,0,0.34,2.2,24.0,0,2.0,2,13.67,0.0,0.0,0.0,0.0,0.0,175.33,817.0,4.67,57.0,73.67,466.67,3.0,16.87
Tyreek,Hill,0,0,1,0,0.567,2.6,31.0,0,5.0,5,17.87,0.0,0.0,0.0,0.0,0.0,9.33,54.2,0.53,121.53,176.27,1688.53,11.53,20.63
CeeDee,Lamb,0,0,1,0,0.648,3.7,26.0,0,1.0,4,17.9,0.0,0.0,0.0,0.0,0.0,12.6,87.5,0.9,117.3,167.8,1524.9,9.5,18.98
Bijan,Robinson,0,1,0,0,0.392,4.9,23.0,0,1.0,1,17.0,0.0,0.0,0.0,0.0,0.0,214.0,976.0,4.0,58.0,86.0,487.0,4.0,14.49
Amon-Ra,St. Brown,0,0,1,0,0.469,6.2,26.0,0,4.0,3,17.5,0.0,0.0,0.0,0.0,0.0,6.67,54.83,0.17,120.83,167.5,1433.5,8.33,18.11
Ja'Marr,Chase,0,0,1,0,0.538,7.2,25.0,0,1.0,3,16.5,0.5,0.5,-3.5,0.0,0.0,5.67,9.5,0.0,103.33,153.67,1333.83,9.5,17.79
Justin,Jefferson,0,0,1,0,0.535,8.0,26.0,0,1.0,4,14.4,1.3,2.1,16.6,0.0,0.0,2.9,5.4,0.3,98.1,143.8,1449.6,7.1,20.11
Jahmyr,Gibbs,0,1,0,0,0.469,9.4,23.0,0,1.0,1,18.0,0.0,0.0,0.0,0.0,0.0,211.0,1089.0,13.0,63.0,85.0,410.0,1.0,16.27
Jonathan,Taylor,0,1,0,0,0.47,9.8,26.0,0,2.0,4,12.3,0.0,0.0,0.0,0.0,0.0,216.9,1041.6,8.8,27.8,35.7,206.6,0.9,16.32
A.J.,Brown,0,0,1,0,0.614,10.9,28.0,0,2.0,5,17.07,0.0,0.4,0.0,0.0,0.0,0.67,6.6,0.07,89.8,141.73,1354.13,8.87,16.25
Saquon,Barkley,0,1,0,0,0.614,11.3,28.0,0,1.0,5,13.2,0.0,0.0,0.0,0.0,0.0,215.2,890.93,6.0,43.2,60.13,293.8,1.87,14.65
Garrett,Wilson,0,0,1,0,0.34,12.1,25.0,0,1.0,2,17.0,0.0,1.0,0.0,0.0,0.0,4.0,1.33,0.0,91.0,161.0,1062.33,3.33,12.59
Marvin,Harrison,0,0,1,0,0.359,14.5,23.0,1,1.0,0,0.0,0.0,0.0,0.0,0.0,0.0,0.0,0.0,0.0,0.0,0.0,0.0,0.0,0.0
Puka,Nacua,0,0,1,0,0.537,15.2,24.0,0,5.0,1,18.0,0.0,0.0,0.0,0.0,0.0,13.0,87.0,0.0,114.0,170.0,1667.0,7.0,18.41
Derrick,Henry,0,1,0,0,0.656,15.9,31.0,0,2.0,5,15.2,1.47,1.8,6.93,1.2,0.0,312.73,1406.93,13.13,26.2,33.4,240.07,0.13,18.47
Kyren,Williams,0,1,0,0,0.537,15.9,25.0,0,5.0,2,11.33,0.0,0.0,0.0,0.0,0.0,172.33,849.67,8.0,25.0,36.67,168.67,2.0,14.76
Travis,Etienne,0,1,0,0,0.386,17.6,26.0,0,1.0,2,17.67,0.0,0.0,0.0,0.0,0.0,261.33,1104.0,9.33,51.67,65.0,432.67,0.67,15.16
Cooper,Kupp,0,0,1,0,0.537,18.9,32.0,0,3.0,5,14.13,0.0,0.73,0.0,0.0,0.0,4.6,22.13,0.27,96.0,134.07,1173.87,8.73,18.65
Isiah,Pacheco,0,1,0,0,0.743,19.8,26.0,0,7.0,2,18.67,0.0,0.0,0.0,0.0,0.0,259.67,1174.33,8.67,43.67,47.67,267.67,1.33,13.23
Davante,Adams,0,0,1,0,0.34,20.0,32.0,0,2.0,5,16.67,0.0,0.0,0.0,0.0,0.0,0.8,-0.27,0.0,111.8,175.47,1401.47,11.73,19.37
De'Von,Achane,0,1,0,0,0.567,21.4,24.0,0,3.0,1,12.0,0.0,0.0,0.0,0.0,0.0,109.0,809.0,8.0,30.0,43.0,218.0,3.0,16.39
Drake,London,0,0,1,0,0.392,21.5,24.0,0,1.0,2,16.33,0.67,0.67,14.67,0.0,0.0,0.0,0.0,0.0,70.0,112.33,892.0,2.67,10.77
Deebo,Samuel,0,0,1,0,0.661,23.0,29.0,0,2.0,5,16.2,0.2,0.73,4.8,0.2,0.0,48.6,272.2,4.47,69.0,107.4,996.67,4.87,15.02
Josh,Jacobs,0,1,0,0,0.617,23.6,27.0,0,1.0,5,14.93,0.0,0.0,0.0,0.0,0.0,266.87,1118.8,9.07,43.8,56.67,326.53,0.0,15.87
Travis,Kelce,0,0,0,1,0.743,24.4,36.0,0,3.0,5,19.13,0.33,0.47,0.93,0.2,0.0,1.4,4.0,0.27,127.07,168.87,1489.0,11.8,18.22
Josh,Allen,1,0,0,0,0.712,25.1,29.0,0,1.0,5,18.6,426.67,656.47,4818.53,37.07,15.6,132.53,733.8,11.13,0.2,0.2,2.67,0.2,24.05
Chris,Olave,0,0,1,0,0.546,26.2,25.0,0,1.0,2,15.67,0.0,0.0,0.0,0.0,0.0,0.0,0.0,0.0,82.0,131.67,1096.0,4.67,14.04
Rachaad,White,0,1,0,0,0.576,29.0,26.0,0,3.0,2,18.33,0.0,0.0,0.0,0.0,0.0,244.67,918.67,4.33,64.0,73.33,500.67,3.33,13.36
Jaylen,Waddle,0,0,1,0,0.567,29.1,27.0,0,1.0,3,16.17,0.0,0.0,0.0,0.0,0.0,3.67,22.33,0.17,80.33,119.17,1158.33,5.67,14.35
Sam,LaPorta,0,0,0,1,0.469,29.4,24.0,0,2.0,1,20.0,0.0,0.0,0.0,0.0,0.0,1.0,4.0,0.0,107.0,147.0,1065.0,11.0,14.19
James,Cook,0,1,0,0,0.712,30.3,26.0,0,2.0,2,18.67,0.0,0.0,0.0,0.0,0.0,217.33,1027.67,2.33,41.67,52.67,374.0,3.0,11.19
Patrick,Mahomes,1,0,0,0,0.743,30.8,30.0,0,1.0,5,19.53,496.73,737.87,5585.47,41.4,12.93,82.4,459.27,2.33,0.27,0.53,1.6,0.0,21.64
Nico,Collins,0,0,1,0,0.368,32.1,26.0,0,3.0,3,14.17,0.0,0.0,0.0,0.0,0.0,1.0,5.5,0.0,63.33,95.0,965.17,5.33,12.89
Alvin,Kamara,0,1,0,0,0.546,32.3,30.0,0,3.0,5,14.2,0.07,0.07,0.87,0.0,0.0,209.73,853.47,5.67,67.27,85.0,517.33,2.6,17.76
Mike,Evans,0,0,1,0,0.576,33.5,32.0,0,1.0,5,17.73,0.0,0.0,0.0,0.0,0.0,0.2,2.0,0.0,85.6,141.8,1295.47,12.0,16.25
Joe,Mixon,0,1,0,0,0.368,35.0,29.0,0,2.0,5,16.07,0.2,0.2,1.2,0.2,0.0,258.27,1031.47,8.67,52.6,64.27,378.0,2.47,16.23
Kenneth,Walker,0,1,0,0,0.546,35.6,31.0,0,2.0,4,15.3,0.0,0.0,0.0,0.0,0.0,226.2,967.4,8.6,28.7,36.7,231.7,0.7,13.36
Jalen,Hurts,1,0,0,0,0.614,37.3,27.0,0,2.0,4,17.2,325.3,503.1,3713.7,21.1,10.4,158.9,714.9,13.7,0.1,0.3,0.3,0.0,20.76
DeVonta,Smith,0,0,1,0,0.614,38.3,27.0,0,1.0,3,18.17,0.0,0.0,0.0,0.0,0.0,0.0,0.0,0.0,92.5,133.83,1234.0,7.0,14.12
Malik,Nabers,0,0,1,0,0.381,38.3,22.0,1,1.0,0,0.0,0.0,0.0,0.0,0.0,0.0,0.0,0.0,0.0,0.0,0.0,0.0,0.0,0.0
DK,Metcalf,0,0,1,0,0.546,40.7,27.0,0,0.0,4,16.9,0.0,0.0,0.0,0.0,0.0,0.2,1.2,0.0,80.2,133.6,1134.1,9.2,14.65
Mark,Andrews,0,0,0,1,0.656,41.2,30.0,0,3.0,5,14.53,0.0,0.0,0.0,0.0,0.0,1.6,2.13,0.0,71.2,105.4,865.93,6.73,13.57
Stefon,Diggs,0,0,1,0,0.368,41.8,31.0,0,5.0,5,18.6,0.0,0.07,0.0,0.0,0.0,1.53,7.93,0.0,116.6,173.0,1424.4,9.4,17.01
DJ,Moore,0,0,1,0,0.355,43.7,28.0,1,0.0,0,0.0,0.0,0.0,0.0,0.0,0.0,0.0,0.0,0.0,0.0,0.0,0.0,0.0,0.0
Lamar,Jackson,1,0,0,0,0.656,44.2,28.0,0,1.0,5,14.93,273.8,422.53,3187.47,22.67,9.13,149.73,928.73,5.07,0.33,0.33,4.33,0.0,21.1
Michael,Pittman,0,0,1,0,0.47,45.2,28.0,0,2.0,4,16.0,0.0,0.0,0.0,0.0,0.0,2.3,21.5,0.0,95.4,137.6,1014.0,4.1,13.98
Aaron,Jones,0,1,0,0,0.535,46.0,30.0,0,5.0,5,15.4,0.0,0.0,0.0,0.0,0.0,201.13,1005.07,5.6,49.87,65.33,377.8,3.4,15.48
James,Conner,0,1,0,0,0.359,47.6,30.0,0,3.0,5,13.53,0.0,0.0,0.0,0.0,0.0,191.07,841.4,8.6,36.47,43.6,260.4,1.73,15.34
Brandon,Aiyuk,0,0,1,0,0.661,48.1,27.0,0,1.0,4,18.6,0.0,0.0,0.0,0.0,0.0,2.2,18.0,0.2,77.8,116.6,1200.6,7.1,13.11
Amari,Cooper,0,0,1,0,0.712,49.2,31.0,0,1.0,5,16.27,0.0,0.27,0.0,0.0,0.27,0.87,2.27,0.0,78.47,127.6,1159.27,7.07,14.56
C.J.,Stroud,1,0,0,0,0.368,49.9,24.0,0,1.0,1,17.0,354.0,553.0,4557.0,26.0,5.0,43.0,167.0,3.0,1.0,1.0,0.0,0.0,18.0
Trey,McBride,0,0,0,1,0.359,50.4,26.0,0,2.0,2,14.33,0.0,0.0,0.0,0.0,0.0,0.0,0.0,0.0,63.67,83.67,638.33,2.33,9.4
Tee,Higgins,0,0,1,0,0.538,51.8,26.0,0,2.0,4,15.0,0.0,0.0,0.0,0.0,0.0,0.5,2.8,0.0,68.0,108.2,986.3,6.6,13.53
David,Montgomery,0,1,0,0,0.469,54.6,28.0,0,3.0,5,15.73,0.0,0.2,0.0,0.0,0.2,235.27,988.8,9.2,33.67,42.73,269.2,0.6,13.77
Anthony,Richardson,1,0,0,0,0.47,55.2,23.0,0,1.0,1,4.0,50.0,84.0,577.0,3.0,1.0,25.0,136.0,4.0,0.0,0.0,0.0,0.0,18.17
Christian,Kirk,0,0,1,0,0.386,55.6,29.0,0,2.0,5,15.4,0.53,1.13,6.27,0.0,0.0,3.07,18.53,0.0,72.87,111.73,929.07,5.67,12.87
D'Andre,Swift,0,1,0,0,0.355,56.5,26.0,0,2.0,4,14.9,0.0,0.2,0.0,0.0,0.0,166.9,771.3,5.3,48.6,63.5,341.2,1.9,13.71
Zay,Flowers,0,0,1,0,0.656,56.8,25.0,0,1.0,1,18.0,0.0,0.0,0.0,0.0,0.0,10.0,60.0,1.0,86.0,121.0,1014.0,6.0,13.08
Tank,Dell,0,0,1,0,0.368,57.5,26.0,0,3.0,1,10.0,0.0,0.0,0.0,0.0,0.0,11.0,51.0,0.0,47.0,75.0,709.0,7.0,16.5
Dalton,Kincaid,0,0,0,1,0.712,59.1,26.0,0,1.0,1,18.0,0.0,0.0,0.0,0.0,0.0,0.0,0.0,0.0,81.0,102.0,777.0,3.0,9.71
Joe,Burrow,1,0,0,0,0.538,59.7,28.0,0,1.0,4,14.7,362.4,533.3,3894.4,26.8,10.3,53.3,177.3,2.5,0.0,0.0,0.0,0.0,17.84
George,Pickens,0,0,1,0,0.583,59.8,24.0,0,2.0,2,17.67,0.0,0.0,0.0,0.0,0.0,3.67,30.0,0.33,62.67,106.0,1060.33,4.67,11.35
Rhamondre,Stevenson,0,1,0,0,0.43,62.0,27.0,0,4.0,3,13.83,0.0,0.0,0.0,0.0,0.0,171.5,761.67,4.5,45.0,58.5,285.33,0.33,12.55
Keenan,Allen,0,0,1,0,0.355,63.5,33.0,0,3.0,5,13.4,0.33,1.0,16.33,0.33,0.0,1.27,5.07,0.0,96.67,138.13,1070.93,6.07,18.07
Raheem,Mostert,0,1,0,0,0.567,64.1,33.0,0,0.0,5,12.07,0.0,0.0,0.0,0.0,0.0,147.53,733.27,7.93,20.2,26.73,144.53,1.8,11.4
Rashee,Rice,0,0,1,0,0.743,64.2,25.0,0,2.0,1,20.0,0.0,0.0,0.0,0.0,0.0,3.0,2.0,0.0,105.0,135.0,1200.0,8.0,13.56
Nick,Chubb,0,1,0,0,0.536,65.0,29.0,0,2.0,5,10.93,0.0,0.0,0.0,0.0,0.0,184.87,977.6,6.93,17.87,23.07,153.8,0.6,14.71
Jayden,Reed,0,0,1,0,0.617,65.1,25.0,0,2.0,1,18.0,0.0,0.0,0.0,0.0,0.0,12.0,128.0,2.0,68.0,101.0,828.0,8.0,12.53
George,Kittle,0,0,0,1,0.661,66.7,32.0,0,5.0,5,16.73,0.0,0.0,0.0,0.0,0.0,1.8,9.47,0.0,71.2,98.2,988.13,7.27,13.03
Najee,Harris,0,1,0,0,0.583,67.1,27.0,0,1.0,3,17.67,0.33,0.33,1.33,0.0,0.0,277.33,1085.5,7.5,41.83,54.17,246.5,1.5,12.82
Zamir,White,0,1,0,0,0.462,67.8,26.0,0,4.0,2,12.33,0.0,0.0,0.0,0.0,0.0,75.0,324.0,0.67,10.0,12.67,65.33,0.0,4.0
Chris,Godwin,0,0,1,0,0.576,68.4,29.0,0,3.0,5,16.47,0.0,0.33,0.0,0.0,0.0,3.13,19.53,0.53,96.87,137.93,1117.53,4.47,14.83
Dak,Prescott,1,0,0,0,0.648,69.8,32.0,0,4.0,5,14.87,365.33,537.53,4053.47,31.27,11.67,51.53,221.93,2.2,0.13,0.13,1.47,0.13,20.64
Terry,McLaurin,0,0,1,0,0.324,70.2,30.0,0,3.0,5,16.67,0.0,0.0,0.0,0.0,0.0,2.33,14.13,0.0,78.53,127.0,1082.53,4.67,12.98
Kyle,Pitts,0,0,0,1,0.392,72.8,25.0,0,1.0,3,14.67,0.0,0.0,0.0,0.0,0.0,0.5,-2.0,0.0,47.17,83.0,623.17,2.33,8.29
Jordan,Love,1,0,0,0,0.617,73.2,27.0,0,1.0,3,11.83,215.17,334.33,2446.0,19.17,7.0,30.33,128.67,2.0,0.0,0.0,0.0,0.0,10.93
Zack,Moss,0,1,0,0,0.538,74.4,27.0,0,3.0,4,13.7,0.0,0.0,0.0,0.0,0.0,132.4,573.6,3.5,20.5,27.3,140.0,1.1,8.62
Calvin,Ridley,0,0,1,0,0.498,74.7,30.0,0,1.0,4,12.6,0.0,0.0,0.0,0.0,0.0,4.8,12.8,0.0,64.0,107.9,852.1,6.3,14.94
Kyler,Murray,1,0,0,0,0.359,76.1,28.0,0,1.0,5,11.8,271.2,406.67,2795.53,16.67,8.33,74.4,423.73,4.53,0.0,0.0,0.0,0.0,19.36
Javonte,Williams,0,1,0,0,0.388,77.5,25.0,0,2.0,3,12.17,0.0,0.0,0.0,0.0,0.0,158.0,605.5,2.17,36.0,45.17,192.0,1.5,11.11
Evan,Engram,0,0,0,1,0.386,79.5,31.0,0,1.0,5,16.4,0.0,0.0,0.0,0.0,0.0,1.73,6.8,0.13,81.2,112.0,758.27,3.6,10.88
Jaylen,Warren,0,1,0,0,0.583,79.6,27.0,0,0.0,2,17.33,0.0,0.0,0.0,0.0,0.0,130.33,674.33,3.0,51.33,61.67,328.67,0.0,9.49
Tony,Pollard,0,1,0,0,0.498,81.7,28.0,0,4.0,5,17.07,0.0,0.0,0.0,0.0,0.0,192.07,883.53,5.8,45.33,57.87,321.07,1.0,11.98
Xavier,Worthy,0,0,1,0,0.743,81.9,22.0,1,1.0,0,0.0,0.0,0.0,0.0,0.0,0.0,0.0,0.0,0.0,0.0,0.0,0.0,0.0,0.0
Marquise,Brown,0,0,1,0,0.743,82.2,28.0,0,1.0,5,14.13,0.0,0.0,0.0,0.0,0.0,1.53,11.6,0.0,65.8,112.33,758.0,4.87,12.08
Christian,Watson,0,0,1,0,0.617,84.2,26.0,0,2.0,2,12.0,0.0,0.0,0.0,0.0,0.0,5.0,34.0,0.67,33.67,59.33,498.33,5.67,10.29
Jonathon,Brooks,0,1,0,0,0.27,85.4,22.0,1,2.0,0,0.0,0.0,0.0,0.0,0.0,0.0,0.0,0.0,0.0,0.0,0.0,0.0,0.0,0.0
Devin,Singletary,0,1,0,0,0.381,87.9,28.0,0,3.0,5,18.33,0.33,0.33,2.0,0.33,0.0,207.47,917.47,5.4,42.0,54.53,279.13,0.6,10.79
Austin,Ekeler,0,1,0,0,0.324,88.0,30.0,0,0.0,5,15.07,0.0,0.0,0.0,0.0,0.0,183.0,752.67,8.4,73.4,94.27,589.33,4.07,18.0
Keon,Coleman,0,0,1,0,0.712,88.1,22.0,1,2.0,0,0.0,0.0,0.0,0.0,0.0,0.0,0.0,0.0,0.0,0.0,0.0,0.0,0.0,0.0
Tua,Tagovailoa,1,0,0,0,0.567,88.6,27.0,0,1.0,4,14.7,312.1,466.2,3705.6,23.8,10.9,34.4,97.1,0.9,0.0,0.0,0.0,0.0,15.79
Jake,Ferguson,0,0,0,1,0.648,89.2,26.0,0,4.0,2,16.0,0.0,0.0,0.0,0.0,0.0,0.0,0.0,0.0,60.67,83.67,638.67,6.0,9.41
Jaxon,Smith-Njigba,0,0,1,0,0.546,90.5,23.0,0,1.0,1,17.0,0.0,0.0,0.0,0.0,0.0,0.0,0.0,0.0,63.0,93.0,628.0,4.0,8.81
Tyjae,Spears,0,1,0,0,0.498,91.4,24.0,0,3.0,1,17.0,0.0,0.0,0.0,0.0,0.0,100.0,453.0,2.0,52.0,70.0,385.0,1.0,9.05
Chase,Brown,0,1,0,0,0.538,91.9,25.0,0,5.0,1,10.0,0.0,0.0,0.0,0.0,0.0,44.0,179.0,0.0,14.0,15.0,156.0,1.0,5.35
Diontae,Johnson,0,0,1,0,0.368,92.1,29.0,0,3.0,5,15.8,0.0,0.0,0.0,0.0,0.0,3.53,22.0,0.0,80.8,133.8,913.2,5.07,12.96
Jared,Goff,1,0,0,0,0.469,94.3,31.0,0,1.0,5,17.33,409.2,615.47,4516.47,27.27,10.27,34.47,62.07,1.33,0.27,0.27,1.33,0.0,15.99
Ezekiel,Elliott,0,1,0,0,0.44,96.2,30.0,0,1.0,5,16.87,0.2,0.2,0.8,0.0,0.0,231.47,889.33,7.8,42.47,57.4,263.6,1.47,12.62
Rome,Odunze,0,0,1,0,0.355,97.7,23.0,1,1.0,0,0.0,0.0,0.0,0.0,0.0,0.0,0.0,0.0,0.0,0.0,0.0,0.0,0.0,0.0
Brian,Robinson,0,1,0,0,0.324,97.9,26.0,0,3.0,2,14.0,0.0,0.0,0.0,0.0,0.0,187.0,754.33,4.0,27.0,32.67,265.33,3.0,11.94
Ladd,McConkey,0,0,1,0,0.44,98.4,24.0,1,2.0,0,0.0,0.0,0.0,0.0,0.0,0.0,0.0,0.0,0.0,0.0,0.0,0.0,0.0,0.0
Jerome,Ford,0,1,0,0,0.536,98.5,26.0,0,5.0,2,12.67,0.0,0.0,0.0,0.0,0.0,144.67,557.33,2.67,32.0,44.67,222.67,3.33,8.36
Jayden,Daniels,1,0,0,0,0.324,99.2,24.0,1,1.0,0,0.0,0.0,0.0,0.0,0.0,0.0,0.0,0.0,0.0,0.0,0.0,0.0,0.0,0.0
Gus,Edwards,0,1,0,0,0.44,100.6,30.0,0,0.0,4,15.9,0.0,0.0,0.0,0.0,0.0,160.1,723.3,7.5,8.4,10.6,112.2,0.0,8.17
David,Njoku,0,0,0,1,0.536,101.1,29.0,0,1.0,5,14.33,0.0,0.0,0.0,0.0,0.0,0.73,-1.93,0.0,55.53,81.93,627.4,4.2,9.39
Romeo,Doubs,0,0,1,0,0.617,103.0,25.0,0,4.0,2,17.0,0.0,0.0,0.0,0.0,0.0,0.33,3.67,0.0,60.0,94.33,747.0,7.0,10.11
DeAndre,Hopkins,0,0,1,0,0.743,104.5,33.0,0,1.0,5,13.33,0.07,0.47,0.4,0.07,0.07,0.93,4.33,0.0,73.73,116.87,937.07,6.0,15.42
Dallas,Goedert,0,0,0,1,0.614,105.5,30.0,0,2.0,5,14.73,0.0,0.0,0.0,0.0,0.0,0.33,0.33,0.0,62.8,85.47,728.73,3.93,10.77
Brock,Purdy,1,0,0,0,0.661,105.7,25.0,0,7.0,2,16.67,301.0,445.67,4017.0,28.0,9.33,45.0,157.67,2.0,0.0,0.0,0.0,0.0,16.22
Tyler,Lockett,0,0,1,0,0.546,106.6,33.0,0,3.0,5,16.87,0.0,0.0,0.0,0.0,0.0,0.67,1.47,0.0,84.87,122.07,1048.8,7.6,14.04
Jameson,Williams,0,0,1,0,0.469,107.8,24.0,0,1.0,2,12.0,0.0,0.0,0.0,0.0,0.0,3.0,60.67,1.33,20.33,37.0,302.33,2.33,5.75
Trey,Benson,0,1,0,0,0.359,108.5,23.0,1,3.0,0,0.0,0.0,0.0,0.0,0.0,0.0,0.0,0.0,0.0,0.0,0.0,0.0,0.0,0.0
Chuba,Hubbard,0,1,0,0,0.27,108.8,26.0,0,4.0,3,15.17,0.0,0.0,0.0,0.0,0.0,179.33,708.33,4.0,28.33,33.83,202.5,0.17,9.29
Blake,Corum,0,1,0,0,0.537,110.3,25.0,1,3.0,0,0.0,0.0,0.0,0.0,0.0,0.0,0.0,0.0,0.0,0.0,0.0,0.0,0.0,0.0
Courtland,Sutton,0,0,1,0,0.388,110.8,30.0,0,2.0,5,13.93,0.27,0.27,5.73,0.0,0.0,0.47,2.47,0.0,53.53,87.73,716.53,4.67,10.77
Brian,Thomas,0,0,1,0,0.386,114.2,23.0,1,1.0,0,0.0,0.0,0.0,0.0,0.0,0.0,0.0,0.0,0.0,0.0,0.0,0.0,0.0,0.0
Justin,Herbert,1,0,0,0,0.44,114.6,27.0,0,1.0,4,15.5,397.6,598.9,4193.6,26.5,9.8,56.0,222.7,2.3,1.0,1.0,1.0,0.0,18.88
Mike,Williams,0,0,1,0,0.583,116.1,31.0,0,1.0,10,10.38,0.0,0.0,0.0,0.0,0.0,0.53,1.27,0.0,47.73,75.87,710.13,3.98,14.55
J.K.,Dobbins,0,1,0,0,0.44,116.2,26.0,0,2.0,3,6.33,0.0,0.0,0.0,0.0,0.0,64.5,353.33,2.83,8.33,10.83,63.33,0.67,11.49
Caleb,Williams,1,0,0,0,0.355,116.7,24.0,1,1.0,0,0.0,0.0,0.0,0.0,0.0,0.0,0.0,0.0,0.0,0.0,0.0,0.0,0.0,0.0
Khalil,Shakir,0,0,1,0,0.712,117.4,25.0,0,5.0,2,16.0,0.0,0.0,0.0,0.0,0.0,0.67,6.67,0.0,37.67,47.0,541.33,3.0,6.62
Dalton,Schultz,0,0,0,1,0.368,117.9,29.0,0,4.0,5,16.07,0.0,0.0,0.0,0.0,0.0,0.0,0.0,0.0,65.53,95.27,686.53,6.27,10.02
T.J.,Hockenson,0,0,0,1,0.535,118.7,28.0,0,1.0,5,15.13,0.0,0.0,0.0,0.0,0.0,0.13,0.0,0.0,80.53,113.87,835.6,5.0,12.73
Rico,Dowdle,0,1,0,0,0.648,118.9,27.0,0,0.0,2,12.0,0.0,0.0,0.0,0.0,0.0,63.0,256.0,1.33,12.67,16.67,105.33,1.33,4.24
Brock,Bowers,0,0,0,1,0.462,121.7,22.0,1,1.0,0,0.0,0.0,0.0,0.0,0.0,0.0,0.0,0.0,0.0,0.0,0.0,0.0,0.0,0.0
Curtis,Samuel,0,0,1,0,0.712,122.6,29.0,0,2.0,5,13.93,0.0,0.0,0.0,0.0,0.0,20.0,100.4,0.93,52.8,76.6,539.93,3.2,9.03
Matthew,Stafford,1,0,0,0,0.537,123.1,37.0,0,1.0,5,14.6,330.0,504.47,3926.47,26.07,11.47,25.67,60.4,0.67,0.0,0.33,0.0,0.0,16.34
Tyler,Allgeier,0,1,0,0,0.392,125.1,25.0,0,5.0,2,16.67,0.0,0.0,0.0,0.0,0.0,194.0,800.33,3.67,17.33,21.0,175.0,1.0,8.71
Jaleel,McLaughlin,0,1,0,0,0.388,126.6,25.0,0,0.0,1,17.0,0.0,0.0,0.0,0.0,0.0,76.0,410.0,1.0,31.0,36.0,160.0,2.0,6.24
Trevor,Lawrence,1,0,0,0,0.386,126.7,26.0,0,1.0,3,17.17,391.17,605.67,4154.17,22.5,14.17,69.17,333.5,4.0,0.0,0.0,0.0,0.0,15.97
Kirk,Cousins,1,0,0,0,0.392,130.1,37.0,0,4.0,5,13.93,337.4,500.13,3743.0,27.4,9.0,25.47,82.4,1.2,0.27,0.33,-0.53,0.0,18.29
Ty,Chandler,0,1,0,0,0.535,130.3,27.0,0,5.0,2,9.0,0.0,0.0,0.0,0.0,0.0,70.0,314.0,2.0,14.0,16.67,106.0,0.0,5.85
Aaron,Rodgers,1,0,0,0,0.34,130.4,41.0,0,1.0,5,11.87,254.27,380.53,2816.87,23.4,5.2,24.73,77.87,1.47,0.33,0.33,-1.6,0.0,12.14
Zach,Charbonnet,0,1,0,0,0.546,130.7,24.0,0,2.0,1,16.0,0.0,0.0,0.0,0.0,0.0,108.0,462.0,1.0,33.0,40.0,209.0,0.0,6.63
Jakobi,Meyers,0,0,1,0,0.462,131.7,29.0,0,0.0,5,14.8,1.33,1.67,18.73,0.6,0.0,2.33,13.4,0.67,68.93,101.47,785.73,4.67,12.33
Jerry,Jeudy,0,0,1,0,0.536,132.9,26.0,0,1.0,4,14.5,0.0,0.0,0.0,0.0,0.0,1.6,12.6,0.0,54.5,87.3,773.8,2.9,10.31
Jordan,Addison,0,0,1,0,0.535,134.1,23.0,0,1.0,1,17.0,0.0,0.0,0.0,0.0,0.0,1.0,2.0,0.0,70.0,108.0,911.0,10.0,13.02
Justin,Fields,1,0,0,0,0.583,134.7,26.0,0,1.0,3,13.5,204.0,336.0,2340.0,14.83,9.83,127.33,779.5,5.0,0.0,0.0,0.0,0.0,17.19
Brandin,Cooks,0,0,1,0,0.648,135.1,32.0,0,1.0,5,15.27,0.0,0.0,0.0,0.0,0.0,3.33,23.2,0.0,66.8,101.93,820.67,5.6,12.12
Pat,Freiermuth,0,0,0,1,0.583,135.5,27.0,0,2.0,3,13.83,0.0,0.0,0.0,0.0,0.0,0.0,0.0,0.0,50.17,74.17,523.0,2.83,8.57
Khalil,Herbert,0,1,0,0,0.538,136.4,27.0,0,6.0,3,12.67,0.0,0.0,0.0,0.0,0.0,126.17,621.33,2.67,15.33,22.17,102.0,0.83,8.65
Cole,Kmet,0,0,0,1,0.355,137.1,26.0,0,2.0,4,15.9,0.0,0.0,0.0,0.0,0.0,2.1,3.2,0.0,59.3,80.1,599.1,4.7,9.33
Rashid,Shaheed,0,0,1,0,0.546,139.8,27.0,0,0.0,2,13.67,0.0,0.0,0.0,0.0,0.0,6.0,43.67,0.33,40.0,61.33,642.0,4.0,10.05
Xavier,Legette,0,0,1,0,0.27,141.3,24.0,1,1.0,0,0.0,0.0,0.0,0.0,0.0,0.0,0.0,0.0,0.0,0.0,0.0,0.0,0.0,0.0
Kimani,Vidal,0,1,0,0,0.44,143.9,24.0,1,6.0,0,0.0,0.0,0.0,0.0,0.0,0.0,0.0,0.0,0.0,0.0,0.0,0.0,0.0,0.0
Ray,Davis,0,1,0,0,0.712,147.7,26.0,1,4.0,0,0.0,0.0,0.0,0.0,0.0,0.0,0.0,0.0,0.0,0.0,0.0,0.0,0.0,0.0
Jordan,Mason,0,1,0,0,0.661,149.1,26.0,0,0.0,2,9.0,0.0,0.0,0.0,0.0,0.0,41.67,227.33,2.33,2.0,2.67,20.67,0.0,4.54
Deshaun,Watson,1,0,0,0,0.536,149.3,30.0,0,1.0,4,9.1,186.5,285.4,2189.9,14.4,5.7,49.4,248.6,2.2,0.1,0.1,0.6,0.1,16.94
Dameon,Pierce,0,1,0,0,0.368,151.4,25.0,0,4.0,2,13.67,0.0,0.0,0.0,0.0,0.0,172.0,590.33,2.67,18.67,24.33,122.33,0.33,8.21
Luke,Musgrave,0,0,0,1,0.617,151.7,25.0,0,2.0,1,13.0,0.0,0.0,0.0,0.0,0.0,0.0,0.0,0.0,40.0,53.0,418.0,2.0,7.22
Jahan,Dotson,0,0,1,0,0.614,152.0,25.0,0,1.0,2,15.33,0.0,0.0,0.0,0.0,0.0,0.67,-2.33,0.0,44.33,75.67,519.67,5.0,8.52
Isaiah,Likely,0,0,0,1,0.656,152.0,25.0,0,4.0,2,14.67,0.0,0.0,0.0,0.0,0.0,0.0,0.0,0.0,34.67,50.67,431.67,5.0,7.33
Quentin,Johnston,0,0,1,0,0.44,152.2,24.0,0,1.0,1,17.0,0.0,0.0,0.0,0.0,0.0,3.0,9.0,0.0,38.0,67.0,431.0,2.0,5.53
Bucky,Irving,0,1,0,0,0.576,152.9,23.0,1,4.0,0,0.0,0.0,0.0,0.0,0.0,0.0,0.0,0.0,0.0,0.0,0.0,0.0,0.0,0.0
Josh,Downs,0,0,1,0,0.47,155.9,24.0,0,3.0,1,17.0,0.0,0.0,0.0,0.0,0.0,0.0,0.0,0.0,68.0,98.0,771.0,2.0,9.24
Taysom,Hill,0,0,0,1,0.546,155.9,35.0,0,0.0,5,15.4,33.07,52.13,418.0,2.2,1.27,80.8,438.47,5.33,16.93,21.47,158.93,1.8,9.16
Baker,Mayfield,1,0,0,0,0.576,156.0,30.0,0,1.0,5,15.8,309.27,497.2,3551.67,22.93,11.33,47.8,148.47,1.13,0.27,0.27,-0.27,0.0,14.04
Jaylen,Wright,0,1,0,0,0.567,156.6,22.0,1,4.0,0,0.0,0.0,0.0,0.0,0.0,0.0,0.0,0.0,0.0,0.0,0.0,0.0,0.0,0.0
Antonio,Gibson,0,1,0,0,0.43,158.6,27.0,0,3.0,4,15.6,0.0,0.0,0.0,0.0,0.0,140.7,559.8,3.8,45.2,56.1,345.4,2.0,10.75
Adam,Thielen,0,0,1,0,0.27,159.0,35.0,0,0.0,5,15.87,0.0,0.0,0.0,0.0,0.0,1.53,6.07,0.07,79.87,112.93,850.6,7.2,13.44
MarShawn,Lloyd,0,1,0,0,0.617,159.1,24.0,1,3.0,0,0.0,0.0,0.0,0.0,0.0,0.0,0.0,0.0,0.0,0.0,0.0,0.0,0.0,0.0
Geno,Smith,1,0,0,0,0.546,159.8,35.0,0,2.0,4,12.3,269.8,401.2,2953.8,18.6,7.4,38.4,188.4,0.9,0.4,0.4,-0.8,0.0,14.23
Will,Levis,1,0,0,0,0.498,160.0,26.0,0,2.0,1,9.0,149.0,255.0,1808.0,8.0,4.0,25.0,57.0,1.0,0.0,0.0,0.0,0.0,11.34
Dontayvion,Wicks,0,0,1,0,0.617,160.0,24.0,0,5.0,1,17.0,1.0,1.0,14.0,0.0,0.0,1.0,1.0,0.0,41.0,62.0,606.0,5.0,7.66
Alexander,Mattison,0,1,0,0,0.462,160.7,27.0,0,3.0,5,16.07,0.0,0.0,0.0,0.0,0.0,126.4,497.2,2.27,23.13,30.47,157.2,1.6,6.89
Adonai,Mitchell,0,0,1,0,0.47,160.9,23.0,1,2.0,0,0.0,0.0,0.0,0.0,0.0,0.0,0.0,0.0,0.0,0.0,0.0,0.0,0.0,0.0
Darnell,Mooney,0,0,1,0,0.392,161.8,28.0,0,5.0,4,13.9,0.0,0.0,0.0,0.0,0.0,2.7,11.0,0.2,46.7,80.5,587.6,2.2,8.56
Ricky,Pearsall,0,0,1,0,0.661,162.7,25.0,1,1.0,0,0.0,0.0,0.0,0.0,0.0,0.0,0.0,0.0,0.0,0.0,0.0,0.0,0.0,0.0
Ja'Lynn,Polk,0,0,1,0,0.43,163.4,23.0,1,2.0,0,0.0,0.0,0.0,0.0,0.0,0.0,0.0,0.0,0.0,0.0,0.0,0.0,0.0,0.0
Dawson,Knox,0,0,0,1,0.712,165.9,29.0,0,3.0,5,14.87,0.0,0.0,0.0,0.0,0.0,0.07,0.6,0.0,40.6,60.6,437.73,5.87,7.77
Gabe,Davis,0,0,1,0,0.386,169.6,26.0,0,0.0,2,16.33,0.0,0.0,0.0,0.0,0.0,0.67,-1.33,0.0,48.67,89.33,825.0,7.33,10.65
Rashod,Bateman,0,0,1,0,0.656,169.6,25.0,0,1.0,3,12.5,0.0,0.0,0.0,0.0,0.0,0.5,9.0,0.0,30.67,51.67,384.83,1.33,6.9
Michael,Wilson,0,0,1,0,0.359,170.2,25.0,0,3.0,1,13.0,0.0,0.0,0.0,0.0,0.0,0.0,0.0,0.0,38.0,58.0,565.0,3.0,8.81
Tyrone,Tracy,0,1,0,0,0.381,174.0,26.0,1,5.0,0,0.0,0.0,0.0,0.0,0.0,0.0,0.0,0.0,0.0,0.0,0.0,0.0,0.0,0.0
Bo,Nix,1,0,0,0,0.388,177.5,25.0,1,1.0,0,0.0,0.0,0.0,0.0,0.0,0.0,0.0,0.0,0.0,0.0,0.0,0.0,0.0,0.0
Kristian,Wilkerson,0,0,1,0,0.462,999.0,28.0,0,0.0,1,1.0,0.0,0.0,0.0,0.0,0.0,0.0,0.0,0.0,4.0,8.0,42.0,2.0,20.2
Carson,Wentz,1,0,0,0,0.743,999.0,32.0,0,1.0,5,8.6,175.33,283.8,1853.73,12.93,6.6,34.0,137.6,1.53,0.0,0.0,0.0,0.0,18.79
Russell,Wilson,1,0,0,0,0.583,999.0,36.0,0,3.0,5,15.27,306.67,474.27,3484.6,25.73,9.0,67.6,329.27,2.67,0.27,0.27,0.27,0.0,17.53
Sam,Howell,1,0,0,0,0.546,999.0,25.0,0,5.0,2,11.67,262.33,414.33,2687.0,14.33,14.33,33.67,187.0,3.67,0.67,0.67,2.67,0.0,16.19
Jake,Browning,1,0,0,0,0.538,999.0,29.0,0,0.0,1,9.0,171.0,243.0,1936.0,12.0,7.0,27.0,127.0,3.0,1.0,1.0,-7.0,0.0,16.05
Derek,Carr,1,0,0,0,0.546,999.0,34.0,0,2.0,5,16.47,368.2,555.67,4072.0,24.53,11.13,32.27,90.27,0.53,0.0,0.0,0.0,0.0,14.93
Daniel,Jones,1,0,0,0,0.535,999.0,28.0,0,1.0,5,11.73,233.6,358.27,2353.73,10.27,7.13,75.53,419.27,2.87,0.2,0.2,3.2,0.0,13.82
Taylor,Heinicke,1,0,0,0,0.44,999.0,32.0,0,0.0,4,8.1,145.9,237.2,1641.8,9.8,6.5,27.3,147.8,1.0,0.2,0.2,-0.4,0.0,13.76
Joe,Flacco,1,0,0,0,0.47,999.0,40.0,0,1.0,5,4.93,108.33,178.0,1225.53,7.8,4.87,6.8,11.47,0.0,0.0,0.0,0.0,0.0,13.5
Dalvin,Cook,0,1,0,0,0.648,999.0,30.0,0,2.0,5,15.33,0.0,0.0,0.0,0.0,0.0,209.93,930.33,6.47,33.8,45.53,237.8,0.67,12.42
Jimmy,Garoppolo,1,0,0,0,0.537,999.0,34.0,0,2.0,5,10.93,197.6,295.73,2360.33,13.87,8.8,25.87,40.53,1.2,0.0,0.0,0.0,0.0,12.21
Andy,Dalton,1,0,0,0,0.27,999.0,38.0,0,2.0,5,8.33,158.07,246.93,1711.2,10.0,6.2,18.07,53.67,0.27,0.2,0.2,-0.67,0.0,12.07
Joshua,Dobbs,1,0,0,0,0.661,999.0,30.0,0,4.0,3,7.33,145.0,232.0,1369.33,7.17,5.67,41.5,228.5,3.0,0.0,0.0,0.0,0.0,11.62
Aidan,O'Connell,1,0,0,0,0.462,999.0,27.0,0,4.0,1,11.0,213.0,343.0,2218.0,12.0,7.0,17.0,11.0,1.0,0.0,0.0,0.0,0.0,11.44
Gardner,Minshew,1,0,0,0,0.462,999.0,29.0,0,6.0,5,9.67,169.4,270.53,1885.53,10.13,5.07,23.87,81.13,1.4,0.13,0.13,0.0,0.0,11.43
Desmond,Ridder,1,0,0,0,0.462,999.0,26.0,0,3.0,2,11.33,190.33,297.0,2126.67,8.67,8.0,40.67,150.0,3.33,0.67,0.67,-4.0,0.0,11.28
Mac,Jones,1,0,0,0,0.386,999.0,27.0,0,1.0,3,13.17,270.67,413.0,2731.17,13.67,12.17,36.33,106.5,0.33,0.0,0.0,0.0,0.0,11.11
Tyson,Bagent,1,0,0,0,0.355,999.0,25.0,0,0.0,1,5.0,94.0,143.0,859.0,3.0,6.0,23.0,109.0,2.0,0.0,0.0,0.0,0.0,10.65
Marcus,Mariota,1,0,0,0,0.324,999.0,32.0,0,1.0,5,6.27,62.93,102.53,757.8,4.93,3.0,30.8,172.2,1.4,0.0,0.0,0.0,0.0,10.5
Tommy,DeVito,1,0,0,0,0.381,999.0,27.0,0,0.0,1,9.0,114.0,178.0,1101.0,8.0,3.0,36.0,195.0,1.0,0.0,0.0,0.0,0.0,10.39
Kareem,Hunt,0,1,0,0,0.743,999.0,30.0,0,3.0,5,14.4,0.0,0.0,0.0,0.0,0.0,127.2,482.4,6.47,28.2,36.13,183.33,1.33,10.32
Tyler,Boyd,0,0,1,0,0.498,999.0,31.0,0,2.0,5,17.8,0.6,1.07,17.47,0.0,0.33,2.2,16.73,0.0,72.33,103.73,818.73,4.07,10.2
Jarrett,Stidham,1,0,0,0,0.388,999.0,29.0,0,4.0,4,3.0,36.5,60.5,447.8,2.4,2.0,9.4,29.6,0.0,0.0,0.0,0.0,0.0,10.05
Robert,Woods,0,0,1,0,0.368,999.0,33.0,0,2.0,5,14.73,0.0,0.0,0.0,0.0,0.0,6.4,39.47,0.53,56.73,93.93,612.6,2.73,10.01
Keaton,Mitchell,0,1,0,0,0.656,999.0,23.0,0,0.0,1,7.0,0.0,0.0,0.0,0.0,0.0,47.0,396.0,2.0,9.0,11.0,93.0,0.0,9.99
Kenny,Pickett,1,0,0,0,0.614,999.0,27.0,0,1.0,2,12.33,215.67,345.67,2181.33,6.33,5.67,46.33,115.0,1.67,0.0,0.0,0.0,0.0,9.96
Odell,Beckham,0,0,1,0,0.567,999.0,33.0,0,1.0,4,14.8,0.6,0.7,17.6,0.0,0.0,1.5,19.6,0.2,47.2,82.8,660.0,4.4,9.91
Bryce,Young,1,0,0,0,0.27,999.0,24.0,0,1.0,1,16.0,315.0,527.0,2877.0,11.0,10.0,39.0,253.0,0.0,0.0,0.0,0.0,0.0,9.77
Miles,Sanders,0,1,0,0,0.27,999.0,28.0,0,2.0,5,16.0,0.0,0.0,0.0,0.0,0.0,184.93,850.6,4.8,27.67,40.0,167.67,0.2,9.77
Sam,Darnold,1,0,0,0,0.535,999.0,28.0,0,1.0,5,9.8,126.93,211.8,1405.2,6.8,6.07,30.67,110.73,2.27,0.0,0.0,0.0,0.0,9.7
Drew,Lock,1,0,0,0,0.381,999.0,29.0,0,2.0,4,6.5,100.1,167.9,1141.9,5.7,5.1,15.6,60.7,1.2,0.3,0.3,0.3,0.0,9.66
Jacoby,Brissett,1,0,0,0,0.43,999.0,32.0,0,3.0,5,9.0,115.53,181.93,1225.13,6.4,2.8,24.0,102.87,1.4,0.07,0.07,0.13,0.0,9.66
Kendrick,Bourne,0,0,1,0,0.43,999.0,30.0,0,0.0,5,13.73,0.2,0.2,5.0,0.2,0.0,4.53,39.53,0.0,43.0,60.2,545.13,3.67,9.55
Jameis,Winston,1,0,0,0,0.536,999.0,31.0,0,1.0,5,5.8,73.2,121.87,908.87,6.87,4.93,14.4,51.33,0.27,0.0,0.0,0.0,0.0,9.48
Zach,Ertz,0,0,0,1,0.324,999.0,35.0,0,2.0,5,11.13,0.0,0.0,0.0,0.0,0.0,0.2,0.8,0.0,47.73,74.8,436.07,2.93,9.48
Bo,Melton,0,0,1,0,0.617,999.0,26.0,0,7.0,1,6.0,0.0,0.0,0.0,0.0,0.0,3.0,21.0,0.0,18.0,27.0,244.0,2.0,9.42
Tyler,Badie,0,1,0,0,0.388,999.0,25.0,0,6.0,1,1.0,0.0,0.0,0.0,0.0,0.0,1.0,0.0,0.0,1.0,1.0,24.0,1.0,9.4
Tim,Patrick,0,0,1,0,0.469,999.0,32.0,0,0.0,3,14.17,0.0,0.0,0.0,0.0,0.0,0.0,0.0,0.0,46.17,74.0,650.67,4.5,9.37
Mason,Rudolph,1,0,0,0,0.498,999.0,30.0,0,3.0,4,4.4,63.9,99.5,703.6,4.0,1.8,9.8,28.5,0.0,0.0,0.0,0.0,0.0,9.27
Mitchell,Trubisky,1,0,0,0,0.712,999.0,31.0,0,1.0,5,7.2,105.53,163.13,1062.87,5.8,4.93,21.6,72.73,1.67,0.0,0.0,0.0,0.0,9.25
Hunter,Henry,0,0,0,1,0.43,999.0,30.0,0,2.0,5,14.67,0.0,0.0,0.0,0.0,0.0,0.0,0.0,0.0,46.8,69.33,527.2,5.2,9.0
JuJu,Smith-Schuster,0,0,1,0,0.743,999.0,29.0,0,2.0,5,13.0,0.0,0.0,0.0,0.0,0.0,0.6,1.8,0.2,54.6,77.27,558.73,2.67,8.87
D'Onta,Foreman,0,1,0,0,0.536,999.0,29.0,0,3.0,4,10.9,0.0,0.0,0.0,0.0,0.0,134.1,580.1,3.7,7.8,11.4,63.7,0.5,8.86
Wan'Dale,Robinson,0,0,1,0,0.381,999.0,24.0,0,2.0,2,12.0,0.0,0.0,0.0,0.0,0.0,6.67,57.67,0.67,47.67,62.33,425.67,1.0,8.79
Sterling,Shepard,0,0,1,0,0.576,999.0,32.0,0,2.0,5,7.8,0.0,0.0,0.0,0.0,0.0,1.73,11.53,0.13,26.6,41.87,259.13,1.4,8.77
Jamaal,Williams,0,1,0,0,0.546,999.0,30.0,0,4.0,5,14.67,0.0,0.0,0.0,0.0,0.0,161.6,616.8,5.8,21.87,25.0,123.47,0.47,8.76
Nick,Mullens,1,0,0,0,0.535,999.0,30.0,0,0.0,5,4.33,71.07,105.47,849.4,4.4,4.53,5.8,11.33,0.0,0.0,0.0,0.0,0.0,8.74
Myles,Gaskin,0,1,0,0,0.386,999.0,28.0,0,7.0,4,8.6,0.0,0.0,0.0,0.0,0.0,87.9,324.1,1.6,25.2,31.9,164.1,1.6,8.68
K.J.,Osborn,0,0,1,0,0.324,999.0,28.0,0,5.0,3,16.33,0.0,0.0,0.0,0.0,0.0,1.17,3.67,0.0,53.0,82.17,602.5,4.67,8.62
Zay,Jones,0,0,1,0,0.359,999.0,30.0,0,2.0,5,13.4,0.13,0.13,3.87,0.0,0.0,1.53,5.6,0.0,50.73,80.2,524.67,2.8,8.55
Allen,Lazard,0,0,1,0,0.34,999.0,29.0,0,0.0,5,13.8,0.0,0.0,0.0,0.0,0.0,1.53,10.4,0.0,39.73,66.93,533.0,4.27,8.54
Darius,Slayton,0,0,1,0,0.381,999.0,28.0,0,5.0,5,15.33,0.0,0.0,0.0,0.0,0.0,0.73,-1.93,0.0,45.33,78.73,691.53,3.2,8.54
Tyler,Higbee,0,0,0,1,0.537,999.0,32.0,0,4.0,5,16.4,0.0,0.0,0.0,0.0,0.0,0.13,0.13,0.0,59.73,86.87,584.93,3.33,8.46
Tyrod,Taylor,1,0,0,0,0.34,999.0,36.0,0,6.0,5,5.47,60.87,96.53,685.6,3.0,2.27,19.27,115.93,0.6,0.0,0.07,0.0,0.0,8.45
Allen,Robinson,0,0,1,0,0.469,999.0,32.0,0,2.0,5,13.73,0.0,0.0,0.0,0.0,0.0,0.2,0.0,0.0,49.33,75.73,520.2,2.27,8.28
Elijah,Moore,0,0,1,0,0.536,999.0,25.0,0,2.0,3,15.0,0.0,0.0,0.0,0.0,0.0,7.0,16.17,0.17,50.0,87.5,564.33,2.17,8.17
Tyler,Huntley,1,0,0,0,0.567,999.0,27.0,0,0.0,4,5.5,61.3,96.5,570.1,3.0,2.0,32.3,143.6,0.7,0.0,0.0,0.0,0.0,8.17
Clyde,Edwards-Helaire,0,1,0,0,0.546,999.0,26.0,0,1.0,4,14.5,0.0,0.0,0.0,0.0,0.0,99.7,411.0,2.6,21.6,28.6,183.7,1.8,8.07
Josh,Reynolds,0,0,1,0,0.386,999.0,30.0,0,4.0,5,14.87,0.0,0.0,0.0,0.0,0.0,0.47,2.2,0.0,40.67,65.73,566.4,3.53,7.98
Gerald,Everett,0,0,0,1,0.355,999.0,31.0,0,2.0,5,15.33,0.0,0.0,0.0,0.0,0.0,2.07,7.6,0.13,51.6,73.8,492.47,3.4,7.97
Cam,Akers,0,1,0,0,0.535,999.0,26.0,0,2.0,4,9.6,0.0,0.0,0.0,0.0,0.0,113.9,422.2,3.3,11.9,14.5,97.7,0.1,7.94
Bailey,Zappe,1,0,0,0,0.536,999.0,26.0,0,4.0,2,8.0,106.33,172.0,1108.33,5.67,7.0,14.67,55.33,0.67,0.33,0.33,-2.0,0.0,7.92
Cordarrelle,Patterson,0,1,0,0,0.583,999.0,34.0,0,1.0,5,13.6,0.0,0.2,0.0,0.0,0.0,95.47,407.33,3.47,22.53,30.53,177.93,1.33,7.91
Cade,Otton,0,0,0,1,0.576,999.0,26.0,0,4.0,2,17.0,0.0,0.0,0.0,0.0,0.0,0.0,0.0,0.0,55.33,81.33,555.67,4.0,7.87
Trey,Lance,1,0,0,0,0.648,999.0,25.0,0,1.0,2,3.33,23.67,44.33,330.33,1.67,1.33,23.33,100.67,0.33,0.0,0.0,0.0,0.0,7.76
Mecole,Hardman,0,0,1,0,0.743,999.0,27.0,0,2.0,5,13.47,0.0,0.0,0.0,0.0,0.0,6.53,41.73,0.73,35.8,51.73,427.93,3.07,7.73
Teddy,Bridgewater,1,0,0,0,0.469,999.0,33.0,0,1.0,5,7.07,124.27,184.93,1382.53,7.27,4.07,16.4,67.0,1.07,0.0,0.0,0.0,0.0,7.67
Tucker,Kraft,0,0,0,1,0.617,999.0,25.0,0,3.0,1,12.0,0.0,0.0,0.0,0.0,0.0,0.0,0.0,0.0,36.0,49.0,379.0,3.0,7.66
Greg,Dortch,0,0,1,0,0.359,999.0,27.0,0,0.0,3,8.5,0.0,0.0,0.0,0.0,0.0,3.0,21.17,0.0,29.83,42.33,298.17,1.67,7.65
Demarcus,Robinson,0,0,1,0,0.537,999.0,31.0,0,4.0,5,14.33,0.0,0.0,0.0,0.0,0.0,0.33,7.67,0.0,37.4,58.4,439.27,3.4,7.59
Davis,Mills,1,0,0,0,0.368,999.0,27.0,0,3.0,3,10.17,150.67,245.33,1572.83,9.33,6.67,16.17,45.83,0.67,0.0,0.0,0.0,0.0,7.52
Noah,Fant,0,0,0,1,0.546,999.0,28.0,0,1.0,5,15.6,0.0,0.0,0.0,0.0,0.0,0.2,-0.8,0.0,48.8,66.47,531.73,2.47,7.47
Tutu,Atwell,0,0,1,0,0.537,999.0,26.0,0,2.0,2,14.0,0.0,0.0,0.0,0.0,0.0,6.33,32.0,0.33,32.67,57.0,446.67,3.0,7.23
Dante,Pettis,0,0,1,0,0.546,999.0,30.0,0,2.0,4,7.7,0.4,0.4,6.4,0.0,0.0,0.8,14.8,0.0,12.5,24.8,150.2,1.9,7.22
Jamison,Crowder,0,0,1,0,0.324,999.0,32.0,0,4.0,5,8.47,0.13,0.13,5.73,0.13,0.0,0.2,2.13,0.0,30.2,44.33,307.13,1.93,7.17
Tyler,Conklin,0,0,0,1,0.34,999.0,30.0,0,5.0,5,15.0,0.0,0.0,0.0,0.0,0.0,0.87,0.8,0.0,51.13,73.87,502.87,1.53,7.1
Nelson,Agholor,0,0,1,0,0.656,999.0,32.0,0,1.0,5,15.6,0.0,0.0,0.0,0.0,0.0,0.73,2.67,0.0,37.53,60.2,482.4,4.07,7.02
Mike,Gesicki,0,0,0,1,0.538,999.0,30.0,0,2.0,5,16.2,0.0,0.2,0.0,0.0,0.0,0.0,0.0,0.0,43.8,70.13,469.6,3.8,7.01
Noah,Brown,0,0,1,0,0.324,999.0,29.0,0,7.0,4,12.2,0.0,0.0,0.0,0.0,0.0,0.5,0.0,0.0,31.9,53.2,457.2,1.7,6.95
Roschon,Johnson,0,1,0,0,0.355,999.0,24.0,0,4.0,1,15.0,0.0,0.0,0.0,0.0,0.0,81.0,352.0,2.0,34.0,40.0,209.0,0.0,6.81
Marquez,Valdes-Scantling,0,0,1,0,0.546,999.0,31.0,0,5.0,5,17.4,0.0,0.0,0.0,0.0,0.0,0.93,1.53,0.0,35.2,67.93,591.8,3.4,6.76
Mike,White,1,0,0,0,0.712,999.0,30.0,0,5.0,3,5.0,51.5,83.33,593.17,2.33,3.17,6.83,-1.67,0.33,0.0,0.0,0.0,0.0,6.72
Isaiah,Hodgins,0,0,1,0,0.381,999.0,27.0,0,6.0,2,13.0,0.0,0.0,0.0,0.0,0.0,0.0,0.0,0.0,29.33,41.67,320.0,3.67,6.68
Emari,Demercado,0,1,0,0,0.359,999.0,26.0,0,0.0,1,11.0,0.0,0.0,0.0,0.0,0.0,58.0,284.0,2.0,21.0,30.0,119.0,0.0,6.66
Samaje,Perine,0,1,0,0,0.743,999.0,30.0,0,4.0,5,16.07,0.0,0.0,0.0,0.0,0.0,67.07,290.67,1.73,36.6,44.13,294.93,1.47,6.64
Tyler,Johnson,0,0,1,0,0.537,999.0,27.0,0,5.0,3,8.33,0.0,0.0,0.0,0.0,0.0,0.0,0.0,0.0,17.0,26.33,172.33,0.83,6.59
Juwan,Johnson,0,0,0,1,0.546,999.0,29.0,0,0.0,4,12.9,0.0,0.0,0.0,0.0,0.0,0.0,0.0,0.0,30.4,48.5,335.3,4.5,6.58
Jonnu,Smith,0,0,0,1,0.567,999.0,30.0,0,3.0,5,14.4,0.0,0.33,0.0,0.0,0.0,2.93,15.07,0.13,37.93,55.07,412.27,2.53,6.54
Parker,Washington,0,0,1,0,0.386,999.0,23.0,0,6.0,1,6.0,0.0,0.0,0.0,0.0,0.0,0.0,0.0,0.0,16.0,21.0,132.0,2.0,6.53
Hayden,Hurst,0,0,0,1,0.44,999.0,32.0,0,1.0,5,12.93,0.0,0.0,0.0,0.0,0.0,0.0,0.0,0.0,38.27,54.27,356.47,2.73,6.52
Jermar,Jefferson,0,1,0,0,0.469,999.0,25.0,0,7.0,1,4.0,0.0,0.0,0.0,0.0,0.0,15.0,74.0,2.0,4.0,5.0,23.0,0.0,6.43
Michael,Carter,0,1,0,0,0.359,999.0,26.0,0,4.0,3,15.17,0.0,0.0,0.0,0.0,0.0,77.5,334.0,1.67,31.67,42.67,200.67,0.5,6.42
Kenneth,Gainwell,0,1,0,0,0.614,999.0,26.0,0,5.0,3,18.0,0.5,0.5,8.5,0.0,0.0,84.17,373.33,3.5,32.33,41.33,221.5,0.33,6.41
Brandon,Johnson,0,0,1,0,0.583,999.0,32.0,0,5.0,4,8.2,0.0,0.0,0.0,0.0,0.0,0.0,0.0,0.0,15.1,25.2,211.4,3.1,6.35
Kalif,Raymond,0,0,1,0,0.469,999.0,31.0,0,0.0,5,14.87,0.0,0.0,0.0,0.0,0.0,5.2,39.47,0.0,35.67,48.93,481.73,1.27,6.25
Nick,Westbrook-Ikhine,0,0,1,0,0.498,999.0,28.0,0,0.0,3,14.17,0.0,0.0,0.0,0.0,0.0,0.0,0.0,0.0,28.67,48.83,396.67,3.17,6.23
Kendre,Miller,0,1,0,0,0.546,999.0,23.0,0,3.0,1,7.0,0.0,0.0,0.0,0.0,0.0,41.0,156.0,1.0,10.0,11.0,117.0,0.0,6.19
Simi,Fehoko,0,0,1,0,0.44,999.0,28.0,0,5.0,2,1.33,0.0,0.0,0.0,0.0,0.0,0.0,0.0,0.0,1.67,2.67,14.0,0.67,6.17
Alec,Pierce,0,0,1,0,0.47,999.0,25.0,0,2.0,2,16.67,0.0,0.0,0.0,0.0,0.0,0.0,0.0,0.0,35.0,69.33,540.33,2.0,6.08
Davis,Allen,0,0,0,1,0.537,999.0,24.0,0,5.0,1,5.0,0.0,0.0,0.0,0.0,0.0,0.0,0.0,0.0,12.0,13.0,123.0,1.0,6.06
Parris,Campbell,0,0,1,0,0.614,999.0,28.0,0,2.0,5,9.13,0.0,0.0,0.0,0.0,0.0,1.87,19.87,0.0,27.47,40.07,251.13,1.07,6.02
Trey,Palmer,0,0,1,0,0.576,999.0,24.0,0,6.0,1,19.0,0.0,0.0,0.0,0.0,0.0,4.0,31.0,0.0,42.0,72.0,473.0,4.0,6.02
Anthony,Miller,0,0,1,0,0.656,999.0,31.0,0,2.0,3,9.83,0.0,0.0,0.0,0.0,0.0,1.17,4.5,0.0,28.67,46.5,290.83,1.5,5.96
Austin,Hooper,0,0,0,1,0.43,999.0,31.0,0,3.0,5,15.73,0.0,0.0,0.0,0.0,0.0,0.0,0.0,0.0,39.2,56.2,384.13,2.2,5.95
Michael,Mayer,0,0,0,1,0.462,999.0,24.0,0,2.0,1,12.0,0.0,0.0,0.0,0.0,0.0,0.0,0.0,0.0,27.0,40.0,304.0,2.0,5.95
Cedrick,Wilson,0,0,1,0,0.546,999.0,30.0,0,6.0,3,11.67,1.33,1.33,33.17,0.17,0.0,1.67,5.67,0.0,26.0,37.83,327.83,2.33,5.83
Van,Jefferson,0,0,1,0,0.583,999.0,29.0,0,2.0,4,14.2,0.0,0.0,0.0,0.0,0.0,1.1,8.5,0.0,29.5,55.4,401.7,2.3,5.8
Irv,Smith,0,0,0,1,0.368,999.0,27.0,0,2.0,4,10.2,0.0,0.0,0.0,0.0,0.0,0.0,0.0,0.0,24.9,35.4,209.5,2.5,5.79
Kadarius,Toney,0,0,1,0,0.536,999.0,26.0,0,1.0,3,12.0,0.17,1.0,3.17,0.0,0.0,8.67,48.5,0.33,27.67,38.5,228.17,1.5,5.75
Mack,Hollins,0,0,1,0,0.712,999.0,32.0,0,4.0,5,11.87,0.27,0.27,1.07,0.0,0.0,1.07,10.67,0.0,26.8,45.53,344.07,2.0,5.69
Jonathan,Mingo,0,0,1,0,0.648,999.0,24.0,0,2.0,1,15.0,0.0,0.0,0.0,0.0,0.0,0.0,0.0,0.0,43.0,85.0,418.0,0.0,5.65
Andrei,Iosivas,0,0,1,0,0.538,999.0,26.0,0,6.0,1,9.0,0.0,0.0,0.0,0.0,0.0,0.0,0.0,0.0,15.0,25.0,116.0,4.0,5.62
Treylon,Burks,0,0,1,0,0.498,999.0,25.0,0,1.0,2,9.67,0.0,0.0,0.0,0.0,0.0,4.67,27.67,0.0,21.67,38.0,295.33,0.33,5.62
Tre,Tucker,0,0,1,0,0.462,999.0,24.0,0,3.0,1,13.0,0.0,0.0,0.0,0.0,0.0,10.0,77.0,0.0,19.0,34.0,331.0,2.0,5.52
Jauan,Jennings,0,0,1,0,0.661,999.0,28.0,0,7.0,3,16.17,0.5,0.5,10.5,0.5,0.0,0.5,-0.5,0.0,32.5,51.83,403.17,2.17,5.47
Laviska,Shenault,0,0,1,0,0.44,999.0,27.0,0,2.0,4,11.7,0.0,0.0,0.0,0.0,0.0,11.5,58.8,0.3,30.5,41.5,289.4,0.8,5.46
Foster,Moreau,0,0,0,1,0.546,999.0,28.0,0,4.0,5,11.67,0.0,0.0,0.0,0.0,0.0,0.0,0.0,0.0,24.13,35.0,281.2,2.07,5.41
Olamide,Zaccheaus,0,0,1,0,0.324,999.0,28.0,0,0.0,5,12.73,0.0,0.0,0.0,0.0,0.0,0.87,2.27,0.0,23.4,38.47,323.87,2.27,5.37
Ty,Johnson,0,1,0,0,0.712,999.0,28.0,0,6.0,5,11.0,0.0,0.0,0.0,0.0,0.0,46.6,208.33,0.8,16.4,25.6,143.67,0.87,5.35
Craig,Reynolds,0,1,0,0,0.469,999.0,29.0,0,0.0,4,5.7,0.0,0.0,0.0,0.0,0.0,34.8,149.0,0.8,6.2,6.7,64.3,0.0,5.27
Kyle,Allen,1,0,0,0,0.583,999.0,29.0,0,0.0,5,4.33,42.87,68.8,437.73,2.4,2.27,9.4,11.87,0.27,0.0,0.0,0.0,0.0,5.25
David,Bell,0,0,1,0,0.536,999.0,24.0,0,3.0,2,11.33,0.0,0.0,0.0,0.0,0.0,0.0,0.0,0.0,22.67,32.33,218.67,2.0,5.22
Braxton,Berrios,0,0,1,0,0.567,999.0,30.0,0,6.0,5,13.8,0.27,0.27,0.53,0.27,0.0,4.53,39.8,0.93,28.33,41.07,264.4,1.13,5.21
Charlie,Kolar,0,0,0,1,0.656,999.0,26.0,0,4.0,2,5.0,0.0,0.0,0.0,0.0,0.0,0.0,0.0,0.0,6.67,8.67,77.0,0.67,5.17
Brevin,Jordan,0,0,0,1,0.368,999.0,25.0,0,5.0,3,9.83,0.0,0.0,0.0,0.0,0.0,0.0,0.0,0.0,17.0,25.5,219.83,2.0,5.13
Trenton,Irwin,0,0,1,0,0.27,999.0,29.0,0,0.0,4,7.8,0.0,0.0,0.0,0.0,0.0,0.3,3.3,0.0,15.6,22.1,208.7,1.6,5.02
Justin,Watson,0,0,1,0,0.743,999.0,29.0,0,5.0,4,14.5,0.0,0.0,0.0,0.0,0.0,0.0,0.0,0.0,21.5,41.1,358.2,2.0,5.01
KaVontae,Turpin,0,0,1,0,0.648,999.0,29.0,0,0.0,1,12.0,0.0,0.0,0.0,0.0,0.0,11.0,110.0,1.0,12.0,18.0,127.0,3.0,4.98
Marvin,Mims,0,0,1,0,0.388,999.0,23.0,0,2.0,1,15.0,0.0,0.0,0.0,0.0,0.0,9.0,30.0,0.0,22.0,33.0,377.0,1.0,4.98
John,Ross,0,0,1,0,0.614,999.0,30.0,0,1.0,3,6.5,0.0,0.0,0.0,0.0,0.0,1.0,8.67,0.0,10.83,21.67,202.0,1.0,4.88
Will,Dissly,0,0,0,1,0.44,999.0,29.0,0,4.0,5,12.8,0.0,0.0,0.0,0.0,0.0,0.07,0.47,0.0,23.8,28.6,247.67,1.87,4.87
Daniel,Bellinger,0,0,0,1,0.381,999.0,25.0,0,4.0,2,13.0,0.0,0.0,0.0,0.0,0.0,0.33,0.67,0.33,27.67,32.0,266.33,1.0,4.79
Chris,Conley,0,0,1,0,0.661,999.0,33.0,0,3.0,5,7.8,0.0,0.0,0.0,0.0,0.0,0.2,0.6,0.0,15.6,26.33,226.0,1.0,4.78
Chris,Rodriguez,0,1,0,0,0.324,999.0,26.0,0,6.0,1,8.0,0.0,0.0,0.0,0.0,0.0,51.0,247.0,2.0,2.0,2.0,12.0,0.0,4.74
Jordan,Akins,0,0,0,1,0.536,999.0,33.0,0,3.0,5,13.53,0.0,0.0,0.0,0.0,0.0,0.33,1.13,0.0,27.0,38.87,300.4,1.6,4.72
Jeff,Wilson,0,1,0,0,0.567,999.0,30.0,0,0.0,2,9.67,0.0,0.0,0.0,0.0,0.0,36.33,160.33,1.33,11.33,14.67,78.67,0.33,4.71
Greg,Dulcich,0,0,0,1,0.381,999.0,25.0,0,3.0,2,4.67,0.0,0.0,0.0,0.0,0.0,0.0,0.0,0.0,13.0,21.0,153.67,0.67,4.7
Jeremy,McNichols,0,1,0,0,0.324,999.0,29.0,0,5.0,2,14.0,0.0,0.0,0.0,0.0,0.0,43.33,173.33,0.33,22.67,31.0,178.33,0.67,4.7
Jalin,Hyatt,0,0,1,0,0.381,999.0,24.0,0,3.0,1,13.0,0.0,0.0,0.0,0.0,0.0,0.0,0.0,0.0,23.0,40.0,373.0,0.0,4.64
Terrace,Marshall,0,0,1,0,0.462,999.0,25.0,0,2.0,3,10.33,0.0,0.0,0.0,0.0,0.0,0.0,0.0,0.0,21.67,37.17,255.83,0.33,4.64
Quintin,Morris,0,0,0,1,0.712,999.0,26.0,0,0.0,2,4.0,0.0,0.0,0.0,0.0,0.0,0.0,0.0,0.0,4.67,6.67,51.33,1.0,4.54
Robbie,Chosen,0,0,1,0,0.567,999.0,32.0,0,0.0,1,5.0,0.0,0.0,0.0,0.0,0.0,0.0,0.0,0.0,4.0,6.0,126.0,1.0,4.52
Brandon,Powell,0,0,1,0,0.535,999.0,30.0,0,0.0,4,11.2,0.0,0.0,0.0,0.0,0.0,7.3,31.5,0.0,20.0,29.0,183.3,0.6,4.51
Justice,Hill,0,1,0,0,0.656,999.0,28.0,0,4.0,4,14.4,0.0,0.0,0.0,0.0,0.0,62.9,295.5,1.4,20.0,26.6,134.4,0.4,4.5
Shane,Zylstra,0,0,0,1,0.469,999.0,29.0,0,0.0,2,6.0,0.0,0.0,0.0,0.0,0.0,0.0,0.0,0.0,8.33,12.33,51.33,2.67,4.48
Steven,Sims,0,0,1,0,0.656,999.0,28.0,0,0.0,4,8.2,0.0,0.1,0.0,0.0,0.0,5.6,34.3,0.1,14.8,21.9,131.8,0.8,4.48
Xavier,Gipson,0,0,1,0,0.34,999.0,24.0,0,0.0,1,14.0,0.0,0.0,0.0,0.0,0.0,8.0,68.0,1.0,21.0,38.0,229.0,0.0,4.48
Pierre,Strong,0,1,0,0,0.536,999.0,26.0,0,4.0,2,10.0,0.0,0.0,0.0,0.0,0.0,45.33,227.33,1.0,5.67,7.67,45.33,0.0,4.46
Devin,Duvernay,0,0,1,0,0.386,999.0,28.0,0,3.0,4,11.0,0.0,0.0,0.0,0.0,0.0,7.0,48.2,0.3,21.3,30.3,203.8,1.3,4.38
Kylen,Granson,0,0,0,1,0.47,999.0,27.0,0,4.0,3,13.5,0.0,0.0,0.0,0.0,0.0,0.83,1.0,0.0,27.17,40.83,302.33,0.5,4.36
Durham,Smythe,0,0,0,1,0.567,999.0,30.0,0,4.0,5,13.4,0.0,0.0,0.0,0.0,0.0,0.93,0.87,0.27,27.67,34.27,269.2,0.53,4.34
Brock,Wright,0,0,0,1,0.469,999.0,27.0,0,0.0,3,10.0,0.0,0.0,0.0,0.0,0.0,0.0,0.0,0.0,15.0,18.33,151.5,2.17,4.26
Tommy,Tremble,0,0,0,1,0.27,999.0,25.0,0,3.0,3,13.5,0.0,0.0,0.0,0.0,0.0,0.5,1.83,0.17,21.17,32.5,185.0,2.67,4.25
Tanner,Hudson,0,0,0,1,0.538,999.0,31.0,0,0.0,4,8.0,0.0,0.0,0.0,0.0,0.0,0.0,0.0,0.0,19.4,26.6,191.2,0.4,4.23
Brandon,Allen,1,0,0,0,0.661,999.0,33.0,0,6.0,4,3.2,28.2,48.2,290.0,1.9,1.0,6.9,8.6,0.0,0.0,0.2,0.0,0.0,4.21
MyCole,Pruitt,0,0,0,1,0.583,999.0,33.0,0,5.0,5,8.93,0.0,0.0,0.0,0.0,0.0,0.0,0.0,0.0,11.4,15.07,120.07,2.33,4.19
River,Cracraft,0,0,1,0,0.567,999.0,31.0,0,0.0,3,6.67,0.0,0.0,0.0,0.0,0.0,0.0,0.0,0.0,9.5,13.67,117.83,1.17,4.18
DeAndre,Carter,0,0,1,0,0.355,999.0,32.0,0,0.0,5,10.93,0.0,0.0,0.0,0.0,0.0,3.67,20.2,0.0,20.33,31.2,235.8,1.4,4.16
Jalen,Nailor,0,0,1,0,0.535,999.0,26.0,0,6.0,2,3.0,0.0,0.0,0.0,0.0,0.0,0.0,0.0,0.0,5.0,8.33,79.0,0.33,4.16
Darrynton,Evans,0,1,0,0,0.355,999.0,27.0,0,3.0,4,4.0,0.0,0.0,0.0,0.0,0.0,18.9,74.5,0.4,3.7,5.9,34.4,0.1,4.15
Adam,Trautman,0,0,0,1,0.388,999.0,28.0,0,3.0,4,13.3,0.0,0.0,0.0,0.0,0.0,0.0,0.0,0.0,21.2,31.1,213.8,2.0,4.14
Charlie,Jones,0,0,1,0,0.538,999.0,27.0,0,4.0,1,5.0,0.0,0.0,0.0,0.0,0.0,2.0,13.0,0.0,7.0,9.0,64.0,0.0,4.14
Harrison,Bryant,0,0,0,1,0.462,999.0,27.0,0,4.0,4,13.7,0.0,0.0,0.0,0.0,0.0,2.3,5.6,0.0,22.7,32.5,200.5,2.4,4.14
Jalen,Brooks,0,0,1,0,0.648,999.0,25.0,0,7.0,1,3.0,0.0,0.0,0.0,0.0,0.0,0.0,0.0,0.0,6.0,6.0,64.0,0.0,4.13
Mo,Alie-Cox,0,0,0,1,0.47,999.0,32.0,0,0.0,5,14.07,0.0,0.0,0.0,0.0,0.0,0.0,0.0,0.0,19.4,30.27,230.27,2.87,4.13
Britain,Covey,0,0,1,0,0.614,999.0,28.0,0,0.0,1,2.0,0.0,0.0,0.0,0.0,0.0,0.0,0.0,0.0,4.0,6.0,42.0,0.0,4.1
Joshua,Kelley,0,1,0,0,0.498,999.0,28.0,0,4.0,4,13.6,0.0,0.0,0.0,0.0,0.0,83.3,309.9,1.6,11.0,16.1,67.9,0.0,4.08
Jake,Bobo,0,0,1,0,0.546,999.0,27.0,0,0.0,1,14.0,0.0,0.0,0.0,0.0,0.0,1.0,3.0,1.0,19.0,25.0,196.0,2.0,4.06
Ameer,Abdullah,0,1,0,0,0.462,999.0,32.0,0,2.0,5,13.47,0.0,0.0,0.0,0.0,0.0,18.93,82.07,0.0,22.73,29.8,171.8,0.8,4.05
Calvin,Austin,0,0,1,0,0.583,999.0,26.0,0,4.0,1,15.0,0.0,0.0,0.0,0.0,0.0,11.0,57.0,1.0,18.0,32.0,187.0,2.0,4.03
Elijah,Higgins,0,0,0,1,0.359,999.0,25.0,0,6.0,1,9.0,0.0,0.0,0.0,0.0,0.0,0.0,0.0,0.0,14.0,19.0,163.0,1.0,4.03
Cedric,Tillman,0,0,1,0,0.536,999.0,25.0,0,3.0,1,11.0,0.0,0.0,0.0,0.0,0.0,1.0,8.0,0.0,21.0,44.0,224.0,0.0,4.02
Ray-Ray,McCloud,0,0,1,0,0.392,999.0,29.0,0,6.0,4,11.9,0.0,0.0,0.0,0.0,0.0,3.2,44.9,0.3,20.0,30.5,204.4,0.3,3.99
Skyy,Moore,0,0,1,0,0.743,999.0,25.0,0,2.0,2,14.33,0.0,0.0,0.0,0.0,0.0,3.67,25.67,0.0,23.0,39.33,251.67,1.0,3.98
Josh,Johnson,1,0,0,0,0.656,999.0,39.0,0,5.0,6,2.57,22.0,35.0,242.29,1.43,0.57,5.43,11.57,0.0,0.0,0.0,0.0,0.0,3.97
Tom,Kennedy,0,0,1,0,0.469,999.0,29.0,0,0.0,2,5.33,0.33,0.33,25.0,0.33,0.0,0.0,0.0,0.0,7.33,13.33,112.0,0.0,3.97
Ronnie,Rivers,0,1,0,0,0.537,999.0,26.0,0,0.0,2,6.0,0.0,0.0,0.0,0.0,0.0,26.33,99.0,0.0,7.0,7.0,47.67,0.0,3.96
Ihmir,Smith-Marsette,0,0,1,0,0.381,999.0,26.0,0,5.0,3,5.0,0.0,0.0,0.0,0.0,0.0,4.33,36.67,0.5,5.17,7.33,49.83,0.33,3.95
Colby,Parkinson,0,0,0,1,0.537,999.0,26.0,0,4.0,4,11.2,0.0,0.0,0.0,0.0,0.0,0.0,0.0,0.0,19.6,27.4,207.8,1.4,3.93
Lil'Jordan,Humphrey,0,0,1,0,0.388,999.0,27.0,0,0.0,5,6.33,0.0,0.0,0.0,0.0,0.0,0.0,0.0,0.0,8.0,11.87,117.13,1.53,3.92
Ashton,Dulin,0,0,1,0,0.47,999.0,28.0,0,0.0,4,8.6,0.0,0.0,0.0,0.0,0.0,2.1,15.0,0.0,10.7,16.8,147.0,1.0,3.86
Tyquan,Thornton,0,0,1,0,0.743,999.0,25.0,0,2.0,2,10.0,0.0,0.0,0.0,0.0,0.0,3.0,39.33,0.33,16.0,30.33,143.0,0.67,3.86
Ronnie,Bell,0,0,1,0,0.661,999.0,25.0,0,7.0,1,8.0,0.0,0.0,0.0,0.0,0.0,0.0,0.0,0.0,6.0,13.0,68.0,3.0,3.85
Tony,Jones,0,1,0,0,0.359,999.0,28.0,0,0.0,8,5.44,0.0,0.0,0.0,0.0,0.0,24.64,75.61,0.83,5.42,8.17,30.22,0.0,3.84
Connor,Heyward,0,0,0,1,0.583,999.0,26.0,0,6.0,2,10.67,0.0,0.67,0.0,0.0,0.0,1.33,9.0,0.0,20.0,29.0,165.0,0.33,3.78
Noah,Gray,0,0,0,1,0.743,999.0,26.0,0,5.0,3,18.17,0.0,0.0,0.0,0.0,0.0,1.17,0.83,0.33,29.83,41.0,305.83,1.5,3.78
Jalen,Reagor,0,0,1,0,0.44,999.0,26.0,0,1.0,4,11.3,0.0,0.0,0.0,0.0,0.0,4.0,23.3,0.0,15.1,30.5,186.2,0.8,3.75
Pharaoh,Brown,0,0,0,1,0.546,999.0,31.0,0,0.0,5,8.53,0.0,0.0,0.0,0.0,0.0,0.0,0.0,0.0,14.13,19.47,158.27,0.6,3.75
Ross,Dwelley,0,0,0,1,0.392,999.0,30.0,0,0.0,5,4.07,0.0,0.0,0.0,0.0,0.0,0.0,0.0,0.0,5.47,7.67,80.93,0.73,3.74
David,Moore,0,0,1,0,0.27,999.0,30.0,0,7.0,4,8.4,0.0,0.0,0.0,0.0,0.0,2.2,16.1,0.0,12.3,18.4,187.8,2.2,3.73
Hassan,Haskins,0,1,0,0,0.44,999.0,26.0,0,4.0,1,7.0,0.0,0.0,0.0,0.0,0.0,25.0,93.0,0.0,11.0,12.0,57.0,0.0,3.71
Ben,Skowronek,0,0,1,0,0.583,999.0,28.0,0,7.0,3,11.17,0.0,0.0,0.0,0.0,0.0,1.33,10.17,0.33,19.67,31.17,185.0,0.5,3.67
D'Ernest,Johnson,0,1,0,0,0.386,999.0,29.0,0,0.0,5,9.47,0.0,0.0,0.0,0.0,0.0,39.4,170.87,0.6,8.73,10.8,82.53,0.0,3.67
Jordan,Matthews,0,0,0,1,0.27,999.0,33.0,0,2.0,1,2.0,0.0,0.0,0.0,0.0,0.0,0.0,0.0,0.0,4.0,12.0,33.0,0.0,3.65
Cooper,Rush,1,0,0,0,0.648,999.0,32.0,0,0.0,3,6.83,45.33,73.83,492.67,2.17,1.67,10.5,-1.83,0.0,0.0,0.0,0.0,0.0,3.6
Deven,Thompkins,0,0,1,0,0.27,999.0,25.0,0,0.0,2,10.0,0.0,0.0,0.0,0.0,0.0,6.67,52.67,0.0,13.67,21.33,68.67,0.67,3.57
Skylar,Thompson,1,0,0,0,0.567,999.0,28.0,0,7.0,1,8.0,78.0,150.0,754.0,2.0,5.0,16.0,24.0,0.0,0.0,0.0,0.0,0.0,3.57
Dare,Ogunbowale,0,1,0,0,0.368,999.0,31.0,0,0.0,5,9.27,0.0,0.0,0.0,0.0,0.0,28.13,94.67,0.6,12.6,19.53,87.13,0.2,3.56
Chris,Brooks,0,1,0,0,0.617,999.0,25.0,0,0.0,1,3.0,0.0,0.0,0.0,0.0,0.0,19.0,106.0,0.0,0.0,0.0,0.0,0.0,3.53
Will,Mallory,0,0,0,1,0.47,999.0,26.0,0,5.0,1,11.0,0.0,0.0,0.0,0.0,0.0,0.0,0.0,0.0,18.0,26.0,207.0,0.0,3.52
Grant,Calcaterra,0,0,0,1,0.614,999.0,26.0,0,6.0,2,3.0,0.0,0.0,0.0,0.0,0.0,0.0,0.0,0.0,4.33,5.67,53.0,0.0,3.51
DeeJay,Dallas,0,1,0,0,0.359,999.0,27.0,0,4.0,4,10.6,0.0,0.3,0.0,0.0,0.3,26.3,112.5,0.6,13.4,15.9,85.9,0.1,3.48
Trent,Sherfield,0,0,1,0,0.535,999.0,29.0,0,0.0,5,10.6,0.0,0.0,0.0,0.0,0.0,0.0,0.0,0.0,14.73,28.67,171.6,1.07,3.48
Dyami,Brown,0,0,1,0,0.324,999.0,26.0,0,3.0,3,10.33,0.5,0.5,2.0,0.0,0.0,1.0,4.33,0.0,9.67,20.33,159.17,1.17,3.43
Jalen,Tolbert,0,0,1,0,0.648,999.0,26.0,0,3.0,2,10.0,0.0,0.0,0.0,0.0,0.0,0.0,0.0,0.0,15.33,26.33,182.67,1.33,3.43
Josiah,Deguara,0,0,0,1,0.386,999.0,28.0,0,3.0,4,7.0,0.0,0.0,0.0,0.0,0.0,0.0,0.0,0.0,12.2,14.7,110.4,0.4,3.43
Mike,Boone,0,1,0,0,0.27,999.0,30.0,0,0.0,5,5.87,0.0,0.0,0.0,0.0,0.0,13.6,67.93,0.33,5.6,7.93,45.8,0.0,3.43
Marcedes,Lewis,0,0,0,1,0.355,999.0,41.0,0,1.0,5,8.4,0.0,0.0,0.0,0.0,0.0,0.0,0.0,0.0,10.6,13.4,99.4,1.33,3.41
Johnny,Mundt,0,0,0,1,0.535,999.0,31.0,0,0.0,5,7.53,0.0,0.0,0.0,0.0,0.0,0.0,0.0,0.0,12.0,14.73,108.47,0.6,3.36
Lucas,Krull,0,0,0,1,0.388,999.0,27.0,0,0.0,1,7.0,0.0,0.0,0.0,0.0,0.0,0.0,0.0,0.0,8.0,14.0,95.0,1.0,3.36
Travis,Homer,0,1,0,0,0.355,999.0,27.0,0,6.0,5,6.47,0.0,0.0,0.0,0.0,0.0,14.73,76.13,0.2,9.6,11.6,91.93,0.4,3.36
KhaDarel,Hodge,0,0,1,0,0.392,999.0,30.0,0,0.0,4,10.6,0.0,0.0,0.0,0.0,0.0,0.4,0.0,0.0,12.5,21.6,192.4,0.3,3.3
Josh,Oliver,0,0,0,1,0.535,999.0,28.0,0,3.0,4,11.0,0.0,0.0,0.0,0.0,0.0,0.0,0.0,0.0,15.7,22.9,152.4,1.4,3.29
Dareke,Young,0,0,1,0,0.546,999.0,26.0,0,7.0,1,2.0,0.0,0.0,0.0,0.0,0.0,0.0,0.0,0.0,3.0,3.0,35.0,0.0,3.25
Dorian,Thompson-Robinson,1,0,0,0,0.536,999.0,26.0,0,5.0,1,7.0,60.0,112.0,440.0,1.0,4.0,14.0,65.0,0.0,0.0,0.0,0.0,0.0,3.16
John,Bates,0,0,0,1,0.324,999.0,28.0,0,4.0,3,11.83,0.0,0.0,0.0,0.0,0.0,0.0,0.0,0.0,17.5,25.5,153.0,0.5,3.13
Collin,Johnson,0,0,1,0,0.355,999.0,28.0,0,5.0,3,4.5,0.0,0.0,0.0,0.0,0.0,0.0,0.0,0.0,7.17,12.67,85.83,0.33,3.06
Geoff,Swaim,0,0,0,1,0.536,999.0,32.0,0,7.0,5,9.8,0.0,0.0,0.0,0.0,0.0,0.0,0.0,0.0,14.93,18.8,104.87,1.0,3.06
Josh,Whyle,0,0,0,1,0.498,999.0,26.0,0,5.0,1,8.0,0.0,0.0,0.0,0.0,0.0,0.0,0.0,0.0,9.0,15.0,94.0,1.0,3.05
Tyler,Goodson,0,1,0,0,0.47,999.0,25.0,0,0.0,1,6.0,0.0,0.0,0.0,0.0,0.0,13.0,87.0,0.0,6.0,9.0,34.0,0.0,3.02
J.J.,Taylor,0,1,0,0,0.368,999.0,27.0,0,0.0,3,3.0,0.0,0.0,0.0,0.0,0.0,15.17,35.17,0.67,2.0,2.17,7.33,0.0,3.0
Emanuel,Wilson,0,1,0,0,0.617,999.0,26.0,0,0.0,1,7.0,0.0,0.0,0.0,0.0,0.0,26.0,121.0,0.0,5.0,6.0,34.0,0.0,2.93
Raheem,Blackshear,0,1,0,0,0.27,999.0,27.0,0,0.0,2,8.67,0.0,0.0,0.0,0.0,0.0,17.0,56.33,1.0,7.33,8.67,61.0,0.0,2.93
Ke'Shawn,Vaughn,0,1,0,0,0.661,999.0,28.0,0,3.0,4,5.6,0.0,0.0,0.0,0.0,0.0,28.4,92.3,0.6,3.4,6.3,16.9,0.1,2.91
Brenton,Strange,0,0,0,1,0.386,999.0,24.0,0,2.0,1,5.0,0.0,0.0,0.0,0.0,0.0,0.0,0.0,0.0,5.0,9.0,35.0,1.0,2.9
Austin,Trammell,0,0,1,0,0.386,999.0,27.0,0,0.0,2,2.0,0.0,0.0,0.0,0.0,0.0,0.0,0.0,0.0,3.33,6.0,23.67,0.0,2.85
Trey,Sermon,0,1,0,0,0.47,999.0,26.0,0,3.0,3,5.17,0.0,0.0,0.0,0.0,0.0,25.0,114.17,0.17,2.0,3.67,10.83,0.0,2.85
Reggie,Gilliam,0,1,0,0,0.712,999.0,28.0,0,0.0,4,3.4,0.0,0.0,0.0,0.0,0.0,0.6,0.6,0.0,4.2,5.2,30.5,0.4,2.81
Malik,Heath,0,0,1,0,0.617,999.0,25.0,0,0.0,1,12.0,0.0,0.0,0.0,0.0,0.0,0.0,0.0,0.0,15.0,24.0,125.0,1.0,2.79
Julius,Chestnut,0,1,0,0,0.498,999.0,25.0,0,0.0,1,3.0,0.0,0.0,0.0,0.0,0.0,9.0,12.0,0.0,3.0,3.0,41.0,0.0,2.77
Tyler,Scott,0,0,1,0,0.355,999.0,24.0,0,4.0,1,13.0,0.0,0.0,0.0,0.0,0.0,7.0,41.0,0.0,17.0,32.0,168.0,0.0,2.76
John,Metchie,0,0,1,0,0.368,999.0,25.0,0,2.0,1,15.0,0.0,0.0,0.0,0.0,0.0,2.0,13.0,0.0,19.0,33.0,202.0,0.0,2.7
Derius,Davis,0,0,1,0,0.44,999.0,25.0,0,4.0,1,14.0,0.0,0.0,0.0,0.0,0.0,14.0,101.0,0.0,15.0,17.0,66.0,0.0,2.69
Tylan,Wallace,0,0,1,0,0.656,999.0,26.0,0,4.0,3,3.33,0.0,0.0,0.0,0.0,0.0,0.0,0.0,0.0,2.17,4.33,20.33,0.0,2.69
Drew,Sample,0,0,0,1,0.538,999.0,29.0,0,2.0,5,9.4,0.0,0.0,0.0,0.0,0.0,0.0,0.0,0.0,15.93,20.4,119.33,0.8,2.68
Eric,Gray,0,1,0,0,0.381,999.0,26.0,0,5.0,1,5.0,0.0,0.0,0.0,0.0,0.0,17.0,48.0,0.0,6.0,7.0,22.0,0.0,2.6
Patrick,Taylor,0,1,0,0,0.661,999.0,27.0,0,0.0,3,7.5,0.0,0.0,0.0,0.0,0.0,24.67,98.67,0.17,6.17,9.17,30.67,0.0,2.59
Ian,Thomas,0,0,0,1,0.27,999.0,29.0,0,4.0,5,10.93,0.0,0.0,0.0,0.0,0.0,0.0,0.0,0.0,14.6,23.13,137.2,0.2,2.54
Kenny,Yeboah,0,0,0,1,0.34,999.0,27.0,0,0.0,2,2.0,0.0,0.0,0.0,0.0,0.0,0.0,0.0,0.0,2.0,3.67,30.67,0.0,2.53
Luke,Farrell,0,0,0,1,0.386,999.0,28.0,0,5.0,3,7.17,0.0,0.0,0.0,0.0,0.0,0.0,0.0,0.0,9.0,10.67,100.17,0.0,2.52
Deuce,Vaughn,0,1,0,0,0.648,999.0,24.0,0,6.0,1,6.0,0.0,0.0,0.0,0.0,0.0,23.0,40.0,0.0,7.0,7.0,40.0,0.0,2.5
Andrew,Beck,0,1,0,0,0.368,999.0,29.0,0,0.0,3,10.67,0.17,0.17,1.0,0.0,0.0,3.33,2.0,0.5,8.67,12.67,65.5,1.17,2.44
Stone,Smartt,0,0,0,1,0.44,999.0,27.0,0,0.0,2,9.0,0.0,0.0,0.0,0.0,0.0,0.0,0.0,0.0,8.67,15.67,109.0,0.67,2.44
Nick,Vannett,0,0,0,1,0.498,999.0,32.0,0,3.0,5,5.4,0.0,0.0,0.0,0.0,0.0,0.0,0.0,0.0,6.73,10.0,66.0,0.33,2.38
Jeremy,Ruckert,0,0,0,1,0.34,999.0,25.0,0,3.0,2,7.33,0.0,0.0,0.0,0.0,0.0,0.0,0.0,0.0,11.0,15.33,103.33,0.0,2.37
Jonathan,Ward,0,1,0,0,0.583,999.0,28.0,0,0.0,4,2.3,0.0,0.0,0.0,0.0,0.0,4.5,18.5,0.0,1.3,1.8,10.0,0.1,2.35
Luke,Schoonmaker,0,0,0,1,0.648,999.0,27.0,0,2.0,1,12.0,0.0,0.0,0.0,0.0,0.0,0.0,0.0,0.0,9.0,16.0,72.0,2.0,2.35
Justyn,Ross,0,0,1,0,0.743,999.0,25.0,0,0.0,1,5.0,0.0,0.0,0.0,0.0,0.0,0.0,0.0,0.0,6.0,11.0,53.0,0.0,2.26
John,FitzPatrick,0,0,0,1,0.617,999.0,25.0,0,6.0,1,1.0,0.0,0.0,0.0,0.0,0.0,0.0,0.0,0.0,1.0,1.0,12.0,0.0,2.2
Peyton,Hendershot,0,0,0,1,0.743,999.0,26.0,0,0.0,2,7.67,0.0,0.0,0.0,0.0,0.0,1.0,0.67,0.33,6.33,10.0,59.67,0.67,2.2
Eric,Saubert,0,0,0,1,0.661,999.0,31.0,0,5.0,5,6.0,0.0,0.0,0.0,0.0,0.0,0.0,0.0,0.0,7.13,10.53,56.4,0.47,2.16
Velus,Jones,0,1,0,0,0.27,999.0,28.0,0,3.0,2,9.67,0.0,0.0,0.0,0.0,0.0,8.33,68.33,0.33,5.0,9.33,49.0,0.33,2.15
Kene,Nwangwu,0,1,0,0,0.34,999.0,27.0,0,4.0,3,3.5,0.0,0.0,0.0,0.0,0.0,7.67,21.33,0.0,1.33,1.5,8.5,0.0,2.13
Eric,Tomlinson,0,0,0,1,0.44,999.0,33.0,0,0.0,4,3.8,0.0,0.0,0.0,0.0,0.0,0.0,0.0,0.0,4.0,5.8,33.8,0.8,2.06
Tyrion,Davis-Price,0,1,0,0,0.614,999.0,25.0,0,3.0,2,2.33,0.0,0.0,0.0,0.0,0.0,15.33,47.0,0.0,0.0,0.67,0.0,0.0,2.06
Xavier,Hutchinson,0,0,1,0,0.368,999.0,25.0,0,6.0,1,13.0,0.0,0.0,0.0,0.0,0.0,5.0,49.0,0.0,12.0,23.0,99.0,0.0,2.06
Jack,Stoll,0,0,0,1,0.567,999.0,27.0,0,0.0,3,6.33,0.0,0.0,0.0,0.0,0.0,0.0,0.0,0.0,7.17,9.83,65.33,0.0,2.05
Malik,Willis,1,0,0,0,0.617,999.0,26.0,0,3.0,2,3.67,13.0,23.67,141.33,0.0,1.0,12.33,55.0,0.33,0.0,0.0,0.0,0.0,1.94
Payne,Durham,0,0,0,1,0.576,999.0,25.0,0,5.0,1,7.0,0.0,0.0,0.0,0.0,0.0,0.0,0.0,0.0,6.0,8.0,76.0,0.0,1.94
Ben,Sims,0,0,0,1,0.617,999.0,25.0,0,0.0,1,7.0,0.0,0.0,0.0,0.0,0.0,0.0,0.0,0.0,5.0,7.0,25.0,1.0,1.93
Tim,Jones,0,0,1,0,0.386,999.0,27.0,0,0.0,2,7.33,0.0,0.0,0.0,0.0,0.0,0.0,0.0,0.0,8.33,13.33,65.33,0.0,1.93
Tank,Bigsby,0,1,0,0,0.386,999.0,23.0,0,3.0,1,13.0,0.0,0.0,0.0,0.0,0.0,50.0,132.0,2.0,1.0,4.0,6.0,0.0,1.91
Tucker,Fisk,0,0,0,1,0.44,999.0,26.0,0,0.0,1,1.0,0.0,0.0,0.0,0.0,0.0,0.0,0.0,0.0,1.0,1.0,9.0,0.0,1.9
Stephen,Sullivan,0,0,0,1,0.27,999.0,28.0,0,7.0,3,6.5,0.0,0.0,0.0,0.0,0.0,0.0,0.0,0.0,6.67,14.17,77.83,0.0,1.78
Sean,Tucker,0,1,0,0,0.576,999.0,24.0,0,0.0,1,3.0,0.0,0.0,0.0,0.0,0.0,15.0,23.0,0.0,2.0,2.0,9.0,0.0,1.73
Trent,Taylor,0,0,1,0,0.661,999.0,31.0,0,5.0,4,4.1,0.0,0.0,0.0,0.0,0.0,1.6,3.7,0.0,3.2,6.5,35.4,0.0,1.73
Cody,White,0,0,1,0,0.546,999.0,26.0,0,0.0,2,1.67,0.0,0.0,0.0,0.0,0.0,0.0,0.0,0.0,2.33,2.67,12.33,0.0,1.72
Rakim,Jarrett,0,0,1,0,0.576,999.0,24.0,0,0.0,1,6.0,0.0,0.0,0.0,0.0,0.0,1.0,0.0,0.0,4.0,9.0,60.0,0.0,1.67
James,Proche,0,0,1,0,0.536,999.0,29.0,0,6.0,4,4.6,0.0,0.3,0.0,0.0,0.3,0.0,0.0,0.0,5.7,11.4,60.4,0.0,1.64
Tim,Boyle,1,0,0,0,0.381,999.0,31.0,0,0.0,5,3.33,28.93,46.87,235.0,0.93,3.07,4.33,2.07,0.0,0.0,0.0,0.0,0.0,1.64
Jaelon,Darden,0,0,1,0,0.546,999.0,26.0,0,4.0,2,4.33,0.0,0.0,0.0,0.0,0.0,1.0,5.0,0.0,3.33,5.33,31.67,0.0,1.61
Chris,Manhertz,0,0,0,1,0.381,999.0,33.0,0,0.0,5,5.53,0.0,0.0,0.0,0.0,0.0,0.0,0.0,0.0,4.33,6.4,38.4,0.2,1.58
Nate,Adkins,0,0,0,1,0.388,999.0,26.0,0,0.0,1,4.0,0.0,0.0,0.0,0.0,0.0,0.0,0.0,0.0,4.0,5.0,22.0,0.0,1.55
Mason,Kinsey,0,0,1,0,0.498,999.0,27.0,0,0.0,2,1.0,0.0,0.0,0.0,0.0,0.0,0.0,0.0,0.0,1.0,1.0,5.0,0.0,1.5
Julian,Hill,0,0,0,1,0.567,999.0,25.0,0,0.0,1,6.0,0.0,0.0,0.0,0.0,0.0,0.0,0.0,0.0,6.0,9.0,48.0,0.0,1.47
Charlie,Woerner,0,0,0,1,0.392,999.0,28.0,0,6.0,4,3.1,0.0,0.0,0.0,0.0,0.0,0.0,0.0,0.0,2.5,3.6,26.8,0.0,1.46
Darnell,Washington,0,0,0,1,0.583,999.0,24.0,0,3.0,1,9.0,0.0,0.0,0.0,0.0,0.0,0.0,0.0,0.0,7.0,11.0,61.0,0.0,1.46
Kayshon,Boutte,0,0,1,0,0.43,999.0,23.0,0,6.0,1,3.0,0.0,0.0,0.0,0.0,0.0,0.0,0.0,0.0,2.0,7.0,19.0,0.0,1.3
Clayton,Tune,1,0,0,0,0.359,999.0,26.0,0,5.0,1,6.0,12.0,21.0,62.0,0.0,2.0,8.0,30.0,1.0,0.0,0.0,0.0,0.0,1.25
Erik,Ezukanma,0,0,1,0,0.567,999.0,25.0,0,4.0,2,1.67,0.0,0.0,0.0,0.0,0.0,3.33,14.67,0.0,0.33,1.0,1.0,0.0,1.17
Kyle,Trask,1,0,0,0,0.576,999.0,27.0,0,2.0,2,1.67,1.0,3.67,7.67,0.0,0.0,0.67,-0.67,0.0,0.0,0.0,0.0,0.0,0.27
Hunter,Long,0,0,0,1,0.537,999.0,27.0,0,3.0,2,1.67,0.0,0.0,0.0,0.0,0.0,0.0,0.0,0.0,0.33,1.67,2.67,0.0,0.2
AJ,Barner,0,0,0,1,0.546,999.0,23.0,1,4.0,0,0.0,0.0,0.0,0.0,0.0,0.0,0.0,0.0,0.0,0.0,0.0,0.0,0.0,0.0
Aaron,Shampklin,0,1,0,0,0.583,999.0,26.0,1,0.0,0,0.0,0.0,0.0,0.0,0.0,0.0,0.0,0.0,0.0,0.0,0.0,0.0,0.0,0.0
Ainias,Smith,0,0,1,0,0.614,999.0,24.0,1,5.0,0,0.0,0.0,0.0,0.0,0.0,0.0,0.0,0.0,0.0,0.0,0.0,0.0,0.0,0.0
Anthony,Gould,0,0,1,0,0.47,999.0,24.0,1,5.0,0,0.0,0.0,0.0,0.0,0.0,0.0,0.0,0.0,0.0,0.0,0.0,0.0,0.0,0.0
Baylor,Cupp,0,0,0,1,0.743,999.0,25.0,1,0.0,0,0.0,0.0,0.0,0.0,0.0,0.0,0.0,0.0,0.0,0.0,0.0,0.0,0.0,0.0
Ben,Sinnott,0,0,0,1,0.324,999.0,23.0,1,2.0,0,0.0,0.0,0.0,0.0,0.0,0.0,0.0,0.0,0.0,0.0,0.0,0.0,0.0,0.0
Blake,Watson,0,1,0,0,0.388,999.0,26.0,1,0.0,0,0.0,0.0,0.0,0.0,0.0,0.0,0.0,0.0,0.0,0.0,0.0,0.0,0.0,0.0
Blake,Whiteheart,0,0,0,1,0.536,999.0,25.0,1,0.0,0,0.0,0.0,0.0,0.0,0.0,0.0,0.0,0.0,0.0,0.0,0.0,0.0,0.0,0.0
Braelon,Allen,0,1,0,0,0.34,999.0,21.0,1,4.0,0,0.0,0.0,0.0,0.0,0.0,0.0,0.0,0.0,0.0,0.0,0.0,0.0,0.0,0.0
Brayden,Willis,0,0,0,1,0.661,999.0,26.0,1,7.0,0,0.0,0.0,0.0,0.0,0.0,0.0,0.0,0.0,0.0,0.0,0.0,0.0,0.0,0.0
Brenden,Bates,0,0,0,1,0.536,999.0,26.0,1,0.0,0,0.0,0.0,0.0,0.0,0.0,0.0,0.0,0.0,0.0,0.0,0.0,0.0,0.0,0.0
Brevyn,Spann-Ford,0,0,0,1,0.648,999.0,25.0,1,0.0,0,0.0,0.0,0.0,0.0,0.0,0.0,0.0,0.0,0.0,0.0,0.0,0.0,0.0,0.0
British,Brooks,0,1,0,0,0.368,999.0,26.0,1,0.0,0,0.0,0.0,0.0,0.0,0.0,0.0,0.0,0.0,0.0,0.0,0.0,0.0,0.0,0.0
Bryce,Ford-Wheaton,0,0,1,0,0.381,999.0,25.0,1,0.0,0,0.0,0.0,0.0,0.0,0.0,0.0,0.0,0.0,0.0,0.0,0.0,0.0,0.0,0.0
Bryce,Oliver,0,0,1,0,0.498,999.0,25.0,1,0.0,0,0.0,0.0,0.0,0.0,0.0,0.0,0.0,0.0,0.0,0.0,0.0,0.0,0.0,0.0
Brycen,Tremayne,0,0,1,0,0.324,999.0,26.0,1,0.0,0,0.0,0.0,0.0,0.0,0.0,0.0,0.0,0.0,0.0,0.0,0.0,0.0,0.0,0.0
Bub,Means,0,0,1,0,0.546,999.0,24.0,1,5.0,0,0.0,0.0,0.0,0.0,0.0,0.0,0.0,0.0,0.0,0.0,0.0,0.0,0.0,0.0
Cade,Stover,0,0,0,1,0.368,999.0,25.0,1,4.0,0,0.0,0.0,0.0,0.0,0.0,0.0,0.0,0.0,0.0,0.0,0.0,0.0,0.0,0.0
Cam,Grandy,0,0,0,1,0.538,999.0,26.0,1,0.0,0,0.0,0.0,0.0,0.0,0.0,0.0,0.0,0.0,0.0,0.0,0.0,0.0,0.0,0.0
Carson,Steele,0,1,0,0,0.743,999.0,23.0,1,0.0,0,0.0,0.0,0.0,0.0,0.0,0.0,0.0,0.0,0.0,0.0,0.0,0.0,0.0,0.0
Casey,Washington,0,0,1,0,0.392,999.0,24.0,1,6.0,0,0.0,0.0,0.0,0.0,0.0,0.0,0.0,0.0,0.0,0.0,0.0,0.0,0.0,0.0
Chig,Okonkwo,0,0,0,1,0.498,999.0,26.0,1,0.0,0,0.0,0.0,0.0,0.0,0.0,0.0,0.0,0.0,0.0,0.0,0.0,0.0,0.0,0.0
Chris,Blair,0,0,1,0,0.392,999.0,28.0,1,0.0,0,0.0,0.0,0.0,0.0,0.0,0.0,0.0,0.0,0.0,0.0,0.0,0.0,0.0,0.0
Chris,Collier,0,1,0,0,0.462,999.0,25.0,1,0.0,0,0.0,0.0,0.0,0.0,0.0,0.0,0.0,0.0,0.0,0.0,0.0,0.0,0.0,0.0
Chris,Oladokun,1,0,0,0,0.743,999.0,28.0,1,7.0,0,0.0,0.0,0.0,0.0,0.0,0.0,0.0,0.0,0.0,0.0,0.0,0.0,0.0,0.0
Cody,Schrader,0,1,0,0,0.537,999.0,26.0,1,0.0,0,0.0,0.0,0.0,0.0,0.0,0.0,0.0,0.0,0.0,0.0,0.0,0.0,0.0,0.0
DJ,Chark,0,0,1,0,0.44,999.0,29.0,1,2.0,0,0.0,0.0,0.0,0.0,0.0,0.0,0.0,0.0,0.0,0.0,0.0,0.0,0.0,0.0
DJ,Turner,0,0,1,0,0.462,999.0,28.0,1,2.0,0,0.0,0.0,0.0,0.0,0.0,0.0,0.0,0.0,0.0,0.0,0.0,0.0,0.0,0.0
Dallin,Holker,0,0,0,1,0.546,999.0,25.0,1,0.0,0,0.0,0.0,0.0,0.0,0.0,0.0,0.0,0.0,0.0,0.0,0.0,0.0,0.0,0.0
Dan,Chisena,0,0,1,0,0.27,999.0,28.0,1,0.0,0,0.0,0.0,0.0,0.0,0.0,0.0,0.0,0.0,0.0,0.0,0.0,0.0,0.0,0.0
David,Martin-Robinson,0,0,0,1,0.498,999.0,25.0,1,0.0,0,0.0,0.0,0.0,0.0,0.0,0.0,0.0,0.0,0.0,0.0,0.0,0.0,0.0,0.0
Dee,Eskridge,0,0,1,0,0.567,999.0,28.0,1,0.0,0,0.0,0.0,0.0,0.0,0.0,0.0,0.0,0.0,0.0,0.0,0.0,0.0,0.0,0.0
Devaughn,Vele,0,0,1,0,0.388,999.0,27.0,1,7.0,0,0.0,0.0,0.0,0.0,0.0,0.0,0.0,0.0,0.0,0.0,0.0,0.0,0.0,0.0
Devin,Culp,0,0,0,1,0.576,999.0,25.0,1,7.0,0,0.0,0.0,0.0,0.0,0.0,0.0,0.0,0.0,0.0,0.0,0.0,0.0,0.0,0.0
Devontez,Walker,0,0,1,0,0.656,999.0,24.0,1,4.0,0,0.0,0.0,0.0,0.0,0.0,0.0,0.0,0.0,0.0,0.0,0.0,0.0,0.0,0.0
Drake,Maye,1,0,0,0,0.43,999.0,23.0,1,1.0,0,0.0,0.0,0.0,0.0,0.0,0.0,0.0,0.0,0.0,0.0,0.0,0.0,0.0,0.0
Dylan,Laube,0,1,0,0,0.462,999.0,25.0,1,6.0,0,0.0,0.0,0.0,0.0,0.0,0.0,0.0,0.0,0.0,0.0,0.0,0.0,0.0,0.0
E.J.,Jenkins,0,0,0,1,0.614,999.0,27.0,1,0.0,0,0.0,0.0,0.0,0.0,0.0,0.0,0.0,0.0,0.0,0.0,0.0,0.0,0.0,0.0
Erick,All,0,0,0,1,0.538,999.0,25.0,1,4.0,0,0.0,0.0,0.0,0.0,0.0,0.0,0.0,0.0,0.0,0.0,0.0,0.0,0.0,0.0
George,Holani,0,1,0,0,0.546,999.0,25.0,1,0.0,0,0.0,0.0,0.0,0.0,0.0,0.0,0.0,0.0,0.0,0.0,0.0,0.0,0.0,0.0
Grant,DuBose,0,0,1,0,0.567,999.0,24.0,1,0.0,0,0.0,0.0,0.0,0.0,0.0,0.0,0.0,0.0,0.0,0.0,0.0,0.0,0.0,0.0
Hendon,Hooker,1,0,0,0,0.469,999.0,27.0,1,3.0,0,0.0,0.0,0.0,0.0,0.0,0.0,0.0,0.0,0.0,0.0,0.0,0.0,0.0,0.0
Irvin,Charles,0,0,1,0,0.34,999.0,28.0,0,0.0,1,1.0,0.0,0.0,0.0,0.0,0.0,0.0,0.0,0.0,0.0,1.0,0.0,0.0,0.0
Isaac,Guerendo,0,1,0,0,0.661,999.0,25.0,1,4.0,0,0.0,0.0,0.0,0.0,0.0,0.0,0.0,0.0,0.0,0.0,0.0,0.0,0.0,0.0
Isaiah,Davis,0,1,0,0,0.34,999.0,23.0,1,5.0,0,0.0,0.0,0.0,0.0,0.0,0.0,0.0,0.0,0.0,0.0,0.0,0.0,0.0,0.0
Isaiah,Williams,0,0,1,0,0.538,999.0,24.0,1,0.0,0,0.0,0.0,0.0,0.0,0.0,0.0,0.0,0.0,0.0,0.0,0.0,0.0,0.0,0.0
Ja'Tavion,Sanders,0,0,0,1,0.27,999.0,22.0,1,4.0,0,0.0,0.0,0.0,0.0,0.0,0.0,0.0,0.0,0.0,0.0,0.0,0.0,0.0,0.0
JaMycal,Hasty,0,1,0,0,0.43,999.0,29.0,1,0.0,0,0.0,0.0,0.0,0.0,0.0,0.0,0.0,0.0,0.0,0.0,0.0,0.0,0.0,0.0
Jacob,Cowing,0,0,1,0,0.661,999.0,24.0,1,4.0,0,0.0,0.0,0.0,0.0,0.0,0.0,0.0,0.0,0.0,0.0,0.0,0.0,0.0,0.0
Jacob,Kibodi,0,1,0,0,0.536,999.0,27.0,1,0.0,0,0.0,0.0,0.0,0.0,0.0,0.0,0.0,0.0,0.0,0.0,0.0,0.0,0.0,0.0
Jaheim,Bell,0,0,0,1,0.43,999.0,24.0,1,7.0,0,0.0,0.0,0.0,0.0,0.0,0.0,0.0,0.0,0.0,0.0,0.0,0.0,0.0,0.0
Jake,Haener,1,0,0,0,0.546,999.0,26.0,1,4.0,0,0.0,0.0,0.0,0.0,0.0,0.0,0.0,0.0,0.0,0.0,0.0,0.0,0.0,0.0
Jalen,Coker,0,0,1,0,0.27,999.0,24.0,1,0.0,0,0.0,0.0,0.0,0.0,0.0,0.0,0.0,0.0,0.0,0.0,0.0,0.0,0.0,0.0
Jalen,McMillan,0,0,1,0,0.576,999.0,23.0,1,3.0,0,0.0,0.0,0.0,0.0,0.0,0.0,0.0,0.0,0.0,0.0,0.0,0.0,0.0,0.0
Jamari,Thrash,0,0,1,0,0.536,999.0,24.0,1,5.0,0,0.0,0.0,0.0,0.0,0.0,0.0,0.0,0.0,0.0,0.0,0.0,0.0,0.0,0.0
Jared,Wayne,0,0,1,0,0.368,999.0,25.0,1,0.0,0,0.0,0.0,0.0,0.0,0.0,0.0,0.0,0.0,0.0,0.0,0.0,0.0,0.0,0.0
Jared,Wiley,0,0,0,1,0.743,999.0,25.0,1,4.0,0,0.0,0.0,0.0,0.0,0.0,0.0,0.0,0.0,0.0,0.0,0.0,0.0,0.0,0.0
Jase,McClellan,0,1,0,0,0.392,999.0,23.0,1,6.0,0,0.0,0.0,0.0,0.0,0.0,0.0,0.0,0.0,0.0,0.0,0.0,0.0,0.0,0.0
Javon,Baker,0,0,1,0,0.43,999.0,23.0,1,4.0,0,0.0,0.0,0.0,0.0,0.0,0.0,0.0,0.0,0.0,0.0,0.0,0.0,0.0,0.0
Jermaine,Burton,0,0,1,0,0.538,999.0,24.0,1,3.0,0,0.0,0.0,0.0,0.0,0.0,0.0,0.0,0.0,0.0,0.0,0.0,0.0,0.0,0.0
Jermaine,Jackson,0,0,1,0,0.546,999.0,25.0,1,0.0,0,0.0,0.0,0.0,0.0,0.0,0.0,0.0,0.0,0.0,0.0,0.0,0.0,0.0,0.0
Jha'Quan,Jackson,0,0,1,0,0.498,999.0,25.0,1,6.0,0,0.0,0.0,0.0,0.0,0.0,0.0,0.0,0.0,0.0,0.0,0.0,0.0,0.0,0.0
Joe,Milton,1,0,0,0,0.43,999.0,25.0,1,6.0,0,0.0,0.0,0.0,0.0,0.0,0.0,0.0,0.0,0.0,0.0,0.0,0.0,0.0,0.0
Johnny,Wilson,0,0,1,0,0.614,999.0,24.0,1,6.0,0,0.0,0.0,0.0,0.0,0.0,0.0,0.0,0.0,0.0,0.0,0.0,0.0,0.0,0.0
Jordan,Mims,0,1,0,0,0.546,999.0,26.0,0,0.0,1,1.0,0.0,0.0,0.0,0.0,0.0,0.0,0.0,0.0,0.0,2.0,0.0,0.0,0.0
Jordan,Whittington,0,0,1,0,0.537,999.0,25.0,1,6.0,0,0.0,0.0,0.0,0.0,0.0,0.0,0.0,0.0,0.0,0.0,0.0,0.0,0.0,0.0
Kameron,Johnson,0,0,1,0,0.576,999.0,23.0,1,0.0,0,0.0,0.0,0.0,0.0,0.0,0.0,0.0,0.0,0.0,0.0,0.0,0.0,0.0,0.0
Kendric,Pryor,0,0,1,0,0.538,999.0,27.0,1,0.0,0,0.0,0.0,0.0,0.0,0.0,0.0,0.0,0.0,0.0,0.0,0.0,0.0,0.0,0.0
Kenny,McIntosh,0,1,0,0,0.546,999.0,25.0,1,7.0,0,0.0,0.0,0.0,0.0,0.0,0.0,0.0,0.0,0.0,0.0,0.0,0.0,0.0,0.0
Kevin,Austin,0,0,1,0,0.546,999.0,25.0,1,0.0,0,0.0,0.0,0.0,0.0,0.0,0.0,0.0,0.0,0.0,0.0,0.0,0.0,0.0,0.0
Luke,McCaffrey,0,0,1,0,0.324,999.0,24.0,1,3.0,0,0.0,0.0,0.0,0.0,0.0,0.0,0.0,0.0,0.0,0.0,0.0,0.0,0.0,0.0
Malachi,Corley,0,0,1,0,0.34,999.0,23.0,1,3.0,0,0.0,0.0,0.0,0.0,0.0,0.0,0.0,0.0,0.0,0.0,0.0,0.0,0.0,0.0
Malik,Washington,0,0,1,0,0.567,999.0,24.0,1,6.0,0,0.0,0.0,0.0,0.0,0.0,0.0,0.0,0.0,0.0,0.0,0.0,0.0,0.0,0.0
Mason,Tipton,0,0,1,0,0.546,999.0,25.0,1,0.0,0,0.0,0.0,0.0,0.0,0.0,0.0,0.0,0.0,0.0,0.0,0.0,0.0,0.0,0.0
Michael,Penix,1,0,0,0,0.392,999.0,25.0,1,1.0,0,0.0,0.0,0.0,0.0,0.0,0.0,0.0,0.0,0.0,0.0,0.0,0.0,0.0,0.0
Nikko,Remigio,0,0,1,0,0.743,999.0,26.0,1,0.0,0,0.0,0.0,0.0,0.0,0.0,0.0,0.0,0.0,0.0,0.0,0.0,0.0,0.0,0.0
Ramel,Keyton,0,0,1,0,0.462,999.0,25.0,1,0.0,0,0.0,0.0,0.0,0.0,0.0,0.0,0.0,0.0,0.0,0.0,0.0,0.0,0.0,0.0
Rasheen,Ali,0,1,0,0,0.656,999.0,24.0,1,5.0,0,0.0,0.0,0.0,0.0,0.0,0.0,0.0,0.0,0.0,0.0,0.0,0.0,0.0,0.0
Ryan,Flournoy,0,0,1,0,0.648,999.0,26.0,1,6.0,0,0.0,0.0,0.0,0.0,0.0,0.0,0.0,0.0,0.0,0.0,0.0,0.0,0.0,0.0
Ryan,Miller,0,0,1,0,0.576,999.0,25.0,1,5.0,0,0.0,0.0,0.0,0.0,0.0,0.0,0.0,0.0,0.0,0.0,0.0,0.0,0.0,0.0
Sincere,McCormick,0,1,0,0,0.462,999.0,25.0,1,0.0,0,0.0,0.0,0.0,0.0,0.0,0.0,0.0,0.0,0.0,0.0,0.0,0.0,0.0,0.0
Sione,Vaki,0,1,0,0,0.469,999.0,24.0,1,4.0,0,0.0,0.0,0.0,0.0,0.0,0.0,0.0,0.0,0.0,0.0,0.0,0.0,0.0,0.0
Spencer,Rattler,1,0,0,0,0.546,999.0,25.0,1,5.0,0,0.0,0.0,0.0,0.0,0.0,0.0,0.0,0.0,0.0,0.0,0.0,0.0,0.0,0.0
Tanner,Conner,0,0,1,0,0.567,999.0,27.0,0,0.0,1,2.0,0.0,0.0,0.0,0.0,0.0,0.0,0.0,0.0,0.0,3.0,0.0,0.0,0.0
Tanner,McKee,1,0,0,0,0.614,999.0,25.0,1,6.0,0,0.0,0.0,0.0,0.0,0.0,0.0,0.0,0.0,0.0,0.0,0.0,0.0,0.0,0.0
Tay,Martin,0,0,1,0,0.498,999.0,27.0,1,0.0,0,0.0,0.0,0.0,0.0,0.0,0.0,0.0,0.0,0.0,0.0,0.0,0.0,0.0,0.0
Terrell,Jennings,0,1,0,0,0.43,999.0,24.0,1,0.0,0,0.0,0.0,0.0,0.0,0.0,0.0,0.0,0.0,0.0,0.0,0.0,0.0,0.0,0.0
Theo,Johnson,0,0,0,1,0.381,999.0,24.0,1,4.0,0,0.0,0.0,0.0,0.0,0.0,0.0,0.0,0.0,0.0,0.0,0.0,0.0,0.0,0.0
Tip,Reiman,0,0,0,1,0.359,999.0,24.0,1,3.0,0,0.0,0.0,0.0,0.0,0.0,0.0,0.0,0.0,0.0,0.0,0.0,0.0,0.0,0.0
Troy,Franklin,0,0,1,0,0.388,999.0,22.0,1,4.0,0,0.0,0.0,0.0,0.0,0.0,0.0,0.0,0.0,0.0,0.0,0.0,0.0,0.0,0.0
Tyreik,McAllister,0,1,0,0,0.462,999.0,27.0,1,0.0,0,0.0,0.0,0.0,0.0,0.0,0.0,0.0,0.0,0.0,0.0,0.0,0.0,0.0,0.0
Tyrell,Shavers,0,0,1,0,0.712,999.0,26.0,1,0.0,0,0.0,0.0,0.0,0.0,0.0,0.0,0.0,0.0,0.0,0.0,0.0,0.0,0.0,0.0
Will,Shipley,0,1,0,0,0.614,999.0,23.0,1,4.0,0,0.0,0.0,0.0,0.0,0.0,0.0,0.0,0.0,0.0,0.0,0.0,0.0,0.0,0.0
Xavier,Smith,0,0,1,0,0.537,999.0,28.0,1,0.0,0,0.0,0.0,0.0,0.0,0.0,0.0,0.0,0.0,0.0,0.0,0.0,0.0,0.0,0.0
Xavier,Weaver,0,0,1,0,0.359,999.0,25.0,1,0.0,0,0.0,0.0,0.0,0.0,0.0,0.0,0.0,0.0,0.0,0.0,0.0,0.0,0.0,0.0
Zach,Davidson,0,0,0,1,0.712,999.0,27.0,1,5.0,0,0.0,0.0,0.0,0.0,0.0,0.0,0.0,0.0,0.0,0.0,0.0,0.0,0.0,0.0
Feleipe,Franks,0,0,0,1,0.27,999.0,27.0,0,0.0,2,2.33,0.0,0.33,0.0,0.0,0.33,1.67,2.0,0.0,0.0,1.33,0.0,0.0,-0.16
Alex,Bachman,0,0,1,0,0.462,999.0,29.0,0,0.0,1,1.0,0.0,0.0,0.0,0.0,0.0,1.0,-3.0,0.0,0.0,0.0,0.0,0.0,-0.3
